name,tm,nat,age,pos,cm,kg,app,min,G,A,yel,red,spG,pa%,aerWon,moM,tac,int,fouls,offW,clear,drbP,blcks,ownG,KP,drb,fouled,cOff,disp,unsT,avgP,crosses,longB,thrB
Phil Foden,Manchester City,eng,19,M(C),171,70,3(10),330,1,-,-,-,1.1,86.6,0.2,-,0.5,0.3,0.3,-,0.1,0.5,-,-,0.6,0.6,0.4,-,0.4,0.3,17.8,0.1,0.2,-
David Silva,Manchester City,es,33,M(CLR),173,67,28(5),2412,6,8,3,-,1.5,87.8,0.6,1,0.9,0.7,0.8,-,0.4,0.6,-,-,2.2,0.9,0.8,0.2,0.9,0.8,61.1,0.5,1.2,0.2
Raheem Sterling,Manchester City,eng,24,"M(CLR),FW",170,69,31(3),2777,17,10,3,-,2.3,85.8,0.4,8,0.9,0.5,1.2,-,0.1,0.5,0.1,-,1.9,2.4,1.3,0.4,2.6,2.2,37.1,0.4,0.3,-
John Stones,Manchester City,eng,25,D(CR),188,70,20(4),1763,-,-,1,-,0.2,94.2,2.5,-,0.7,0.6,0.3,0.3,2.5,0.2,0.4,-,0.2,0.3,0.3,-,0.1,-,73,-,4.3,-
Danilo,Manchester City,br,27,D(LR),184,78,9(2),806,1,-,1,-,1.3,87,1.6,1,1.8,1.4,0.9,0.3,1.8,0.5,-,-,0.4,0.7,0.7,-,0.5,0.7,69.7,0.2,1.7,-
Sergio Agüero,Manchester City,ar,31,"AM(CL),FW",173,70,31(2),2480,21,8,3,-,3.6,85,0.5,5,0.5,0.3,0.6,-,0.1,0.1,-,-,1,1.4,0.8,0.8,1.6,2.2,23.4,-,0.1,0.1
Ilkay Gündogan,Manchester City,de,28,M(C),180,79,23(8),2136,6,3,3,-,1.4,90.8,0.8,2,0.6,0.9,0.4,-,0.6,0.8,0.1,-,1.4,0.6,0.7,-,0.5,0.9,64.4,0.9,2.4,0.1
Aymeric Laporte,Manchester City,fr,25,D(CL),191,86,34(1),3057,3,3,3,-,0.7,92.3,2.2,1,1.2,1.1,0.6,0.4,2.7,0.3,0.3,-,0.4,0.1,0.5,0.1,0.1,0.3,85.6,-,4.9,-
Benjamin Mendy,Manchester City,fr,24,"D(L),DMC,M(L)",185,85,10,900,-,5,1,-,0.7,88.3,0.8,-,1.6,1,1.2,0.4,1.6,0.8,0.4,-,1.2,0.9,0.2,-,1.1,0.9,65,1.1,1.8,-
Bernardo Silva,Manchester City,pt,24,AM(CLR),173,64,31(5),2853,7,7,3,-,1.7,86.1,0.3,4,1.4,0.7,0.9,-,0.7,1.4,0.1,-,2,1.4,0.7,0.1,1,1.2,47.4,0.3,2,0.1
Kyle Walker,Manchester City,eng,29,"D(CR),M(R)",178,70,30(3),2777,1,1,3,-,0.6,90.1,1.4,-,1.2,1.1,0.5,0.2,1.5,0.4,0.2,-,0.7,0.5,0.4,0.1,0.4,0.8,72.4,0.1,3.5,-
Leroy Sané,Manchester City,de,23,M(CLR),183,75,21(10),1867,10,10,1,-,1.8,84.4,0.3,1,0.8,0.3,0.3,-,0.1,0.7,0.1,-,1.3,1.8,0.5,0.6,1.4,2.3,27.3,0.5,0.1,0.1
Oleksandr Zinchenko,Manchester City,ua,22,"D(L),M(CR)",175,64,14,1153,-,3,1,-,0.5,91.5,1.7,-,2.4,1.4,1.1,-,1.1,1.4,0.2,-,0.9,0.4,0.4,0.1,0.4,0.5,84.6,0.5,2.6,-
Kevin De Bruyne,Manchester City,be,28,"M(CLR),FW",181,68,11(8),978,2,2,2,-,1.6,83.7,0.3,2,1.2,0.2,0.5,0.1,0.1,0.7,0.1,-,1.9,1,0.8,0.1,0.7,1.2,38.2,1.1,2.4,0.2
Fernandinho,Manchester City,br,34,"D(R),DMC",179,67,27(2),2382,1,3,5,-,1,87.5,2.6,2,2,1.4,1.4,0.1,2.4,0.7,0.1,-,0.8,0.7,0.9,0.1,0.4,0.9,70.7,-,2.7,0.2
Nicolás Otamendi,Manchester City,ar,31,D(C),183,81,14(4),1234,-,-,1,-,0.8,92.7,2.2,-,1.4,1.6,0.4,0.6,3.1,0.2,0.2,-,0.1,0.1,0.2,-,-,0.1,69,-,2.6,-
Ederson,Manchester City,br,25,GK,188,86,38,3420,-,1,2,-,-,82.6,0.3,-,0.1,-,0.1,-,0.5,-,-,-,0.1,-,0.1,-,-,-,24.2,-,3.3,-
Gabriel Jesus,Manchester City,br,22,"AM(LR),FW",175,73,8(21),1022,7,3,1,-,1.5,82.6,0.5,1,0.3,0.1,0.4,-,0.1,0.2,0.1,-,0.7,0.8,0.6,0.5,1,1.1,12.3,-,0.1,-
Riyad Mahrez,Manchester City,dz,28,AM(CLR),179,67,14(13),1338,7,4,-,-,2,84.7,0.7,3,0.5,0.3,0.4,-,0.1,0.4,-,-,0.9,0.9,0.6,0.3,1,1,29.5,0.6,1.4,0.2
Fabian Delph,Manchester City,eng,29,"D(L),M(CL)",174,60,8(3),725,-,1,1,1,0.4,91.3,0.8,-,2.1,1.2,0.5,0.3,1.5,1,-,-,0.3,0.7,0.6,-,0.1,0.9,62.9,0.3,2.4,-
Vincent Kompany,Manchester City,be,33,D(C),190,85,13(4),1223,1,-,6,-,0.3,93,2.2,-,0.9,0.9,1,0.6,3.2,0.1,0.5,-,0.1,0.2,-,0.1,-,0.3,72.2,-,3.7,-
Alisson,Liverpool,br,26,GK,191,91,38,3420,-,-,1,-,-,80.3,0.3,-,0.1,-,-,-,0.8,-,-,-,-,0.1,-,-,-,-,28.3,-,4.8,-
Mohamed Salah,Liverpool,eg,27,"AM(CLR),FW",175,71,37(1),3262,22,8,1,-,3.6,75.9,0.3,8,0.6,0.1,0.7,-,0.1,0.3,-,-,1.8,2.1,0.8,0.7,3.1,2.9,28.4,0.4,0.6,0.3
Roberto Firmino,Liverpool,br,27,"M(CLR),FW",181,76,31(3),2620,12,6,-,-,2.2,80.8,0.9,4,0.9,0.2,1.1,-,0.4,0.8,-,-,1.3,1.4,0.3,0.2,1.8,2.3,37.6,0.1,0.5,0.1
Adam Lallana,Liverpool,eng,31,AM(CLR),172,73,5(8),465,-,-,1,-,0.4,82.1,0.7,-,1.2,0.4,0.3,-,0.1,0.5,0.1,-,0.7,0.6,0.8,-,0.8,0.8,23.2,0.2,0.4,-
Alex Oxlade Chamberlain,Liverpool,eng,25,M(CLR),180,70,0(2),19,-,-,-,-,0.5,76.9,-,-,0.5,0.5,-,-,-,-,-,-,0.5,0.5,0.5,-,-,0.5,6.5,-,-,-
Divock Origi,Liverpool,be,24,"AM(LR),FW",185,75,4(8),368,3,1,-,-,1.1,70.4,0.3,-,0.5,-,0.2,0.1,0.1,0.3,-,-,0.3,0.5,0.4,0.3,0.8,0.8,9,-,0.5,-
Fabinho,Liverpool,br,25,"D(R),DMC",188,78,21(7),2013,1,2,6,-,0.6,85.3,2,-,2.1,1,1,0.2,0.9,1.3,0.2,-,0.6,0.4,1.1,-,0.6,0.4,57.5,0.1,2.6,-
Dejan Lovren,Liverpool,hr,30,D(C),188,84,11(2),986,1,-,1,-,0.5,86.6,4.1,1,1.2,0.8,0.2,1.2,3.9,0.6,0.5,-,0.1,-,0.8,-,0.1,0.2,63.2,0.2,2.6,0.1
Joel Matip,Liverpool,cm,27,D(C),195,90,17(5),1535,1,-,3,-,0.4,86.9,3,2,1.8,1.5,0.5,0.8,3.5,0.5,0.3,-,0.1,0.3,0.8,-,-,0.3,61,-,2.1,-
Trent Alexander-Arnold,Liverpool,eng,20,"D(R),M(R)",175,69,27(2),2467,1,12,3,-,1,77.5,0.3,1,2.1,1.2,0.5,0.3,2.1,1.1,0.1,-,1.7,0.5,0.2,0.1,0.5,1.4,58.5,2,4,0.1
Jordan Henderson,Liverpool,eng,29,M(CLR),182,67,21(11),1983,1,3,1,1,0.5,87.2,0.8,-,1.4,0.9,0.8,-,0.4,0.7,0.1,-,0.5,0.2,0.4,-,0.3,0.7,54.4,0.2,3.3,0.1
Xherdan Shaqiri,Liverpool,ch,27,M(CLR),169,72,11(13),1059,6,3,2,-,1.1,81.2,0.1,1,0.6,0.3,0.4,-,0.3,0.4,-,-,0.8,0.3,0.6,0.1,0.8,1,26.6,0.5,1.5,0.2
Nathaniel Clyne,Liverpool,eng,28,"D(LR),M(R)",175,67,1(3),108,-,-,-,-,0.8,83.1,0.3,-,1,0.5,-,-,0.3,0.5,-,-,-,-,0.5,-,0.3,0.3,14.8,-,0.3,-
Virgil van Dijk,Liverpool,nl,28,D(C),193,92,38,3385,4,2,1,-,0.8,89.7,4.8,4,1,1.1,0.3,1.1,5.2,-,0.5,-,0.2,0.2,0.6,-,-,0.2,79.9,-,5.3,-
Andrew Robertson,Liverpool,sct,25,"D(L),M(L)",178,64,36,3219,-,11,4,-,0.4,83.2,0.7,1,2.2,0.8,0.5,0.5,1.3,0.9,0.2,-,1.4,0.8,0.4,-,0.6,0.9,66.6,0.6,2.2,-
Alberto Moreno,Liverpool,es,27,"D(L),M(L)",171,65,2,155,-,-,-,-,0.5,87.6,-,-,1.5,1,0.5,1,-,1,-,-,1.5,1,0.5,-,-,1.5,52.5,0.5,1,-
Daniel Sturridge,Liverpool,eng,29,"M(R),FW",188,76,4(14),500,2,1,1,-,1,80,0.2,-,0.2,0.1,0.3,-,-,0.1,-,-,0.4,0.3,0.6,0.2,0.6,0.9,10.6,0.1,0.5,0.1
Joe Gomez,Liverpool,eng,22,D(CLR),188,77,12(4),1060,-,-,2,-,0.3,87.5,1.5,-,1.1,0.9,0.8,0.4,2.4,0.4,0.3,-,0.4,0.3,0.6,-,0.1,0.6,49.2,0.1,2,-
Naby Keita,Liverpool,gn,24,M(C),172,64,16(9),1394,2,1,-,-,1.1,88.5,0.4,-,1.5,0.5,1,-,0.5,1.1,0.2,-,0.4,1,0.6,-,1.2,1.4,40.2,-,0.6,0.1
Georginio Wijnaldum,Liverpool,nl,28,M(CL),175,69,32(3),2736,3,-,3,-,0.9,91.1,0.9,1,1.2,0.6,0.5,-,0.7,0.4,0.2,-,0.7,0.8,0.9,0.1,1.1,1.5,50.5,0.1,1.6,-
Sadio Mané,Liverpool,sn,27,"AM(CLR),FW",175,69,35(1),3086,22,1,2,-,2.4,78.2,1,6,1,0.4,0.9,0.1,0.2,0.8,0.1,-,1.3,1.4,1.8,0.7,1.3,2.9,32.9,0.2,1.3,0.1
James Milner,Liverpool,eng,33,"D(LR),M(CLR)",175,70,19(12),1787,5,4,5,1,0.8,84.6,0.6,1,1.4,0.6,0.9,0.2,0.7,0.8,0.2,-,1.4,0.5,0.9,-,0.3,1,45.2,1.2,2.6,0.1
Rafael Camacho,Liverpool,pt,19,Midfielder,175,68,0(1),1,-,-,-,-,-,-,-,-,1,-,-,-,-,-,-,-,-,-,-,-,-,-,-,-,-,-
Ruben Loftus-Cheek,Chelsea,eng,23,M(CLR),191,88,6(18),985,6,2,-,-,1.2,87.9,0.9,1,0.8,0.5,0.4,-,0.2,0.4,0.2,-,0.7,1.7,1,0.1,1,1,25.4,-,0.5,-
Pedro,Chelsea,es,31,M(CLR),169,65,21(10),1781,8,2,2,-,1.8,86.5,0.3,5,0.9,0.6,0.5,-,0.3,0.8,0.1,-,0.9,1.4,0.8,0.3,1.1,1,34.4,0.3,1.2,0.1
Álvaro Morata,Chelsea,es,26,"AM(L),FW",189,85,11(5),943,5,-,3,-,2.2,76.9,1.1,-,0.5,-,1.2,-,0.4,0.4,0.1,-,0.4,0.4,1,1.3,1.4,1.8,14.3,-,0.3,-
Willy Caballero,Chelsea,ar,37,GK,186,81,2,180,-,-,-,-,-,77.8,-,-,-,-,-,-,1,-,-,-,-,-,-,-,-,-,27,-,7.5,-
Andreas Christensen,Chelsea,dk,23,"D(C),DMC",188,78,6(2),615,-,-,1,-,-,92.8,2.3,-,1.3,0.5,1,0.4,3.4,0.4,0.3,-,-,0.1,0.4,-,-,0.4,57.3,-,1.1,-
Davide Zappacosta,Chelsea,it,27,"D(R),M(R)",185,70,1(3),125,-,-,-,-,0.5,80,0.8,-,-,0.8,0.5,-,1,0.3,-,-,0.3,0.5,0.3,-,0.5,0.5,18.8,-,0.5,-
Gary Cahill,Chelsea,eng,33,D(C),193,86,0(2),22,-,-,-,-,-,88.9,0.5,-,-,-,-,0.5,0.5,-,-,-,-,-,-,-,-,-,9,-,-,-
Gonzalo Higuaín,Chelsea,ar,31,FW,186,89,13(1),1092,5,-,-,-,3.3,77.2,0.5,-,0.7,0.1,0.4,-,0.4,0.6,-,-,1.1,0.6,0.1,0.8,1.4,1.4,22.6,-,0.9,-
Kepa Arrizabalaga,Chelsea,es,24,GK,189,84,36,3240,-,-,2,-,-,85.4,0.2,1,-,-,-,-,0.4,-,-,-,-,-,0.1,-,-,-,27.9,-,5.2,-
Victor Moses,Chelsea,ng,28,M(CLR),177,79,0(2),26,-,-,-,-,-,76.9,-,-,-,-,0.5,-,-,-,-,-,0.5,-,0.5,-,1,0.5,6.5,-,-,-
N'Golo Kanté,Chelsea,fr,28,DMC,168,68,36,3096,4,4,3,-,0.8,87.9,0.8,1,2.1,1.2,1,-,0.7,1.2,0.2,-,1.3,0.9,0.4,0.2,1.5,1.6,56.2,0.2,1,0.1
Willian,Chelsea,br,30,AM(CLR),175,77,26(6),2109,3,6,2,-,1.9,85.7,0.3,2,1.1,0.4,0.4,-,0.3,0.5,-,-,2.5,1.2,1,0.3,1.2,1.6,38.4,1.2,1.2,0.1
Olivier Giroud,Chelsea,fr,32,FW,192,93,7(20),834,2,4,1,-,1.2,68.2,1.4,-,0.1,0.1,0.4,-,0.2,0.1,-,-,0.7,0.1,0.2,0.2,0.2,0.8,9.7,-,0.2,-
Cesc Fàbregas,Chelsea,es,32,"M(CL),FW",180,77,1(5),176,-,-,1,-,0.2,86.5,0.3,-,1,0.2,0.2,-,-,0.7,0.2,-,0.5,-,0.5,-,0.3,0.3,32.2,-,1.3,0.5
Marcos Alonso,Chelsea,es,28,"D(CL),M(L)",188,84,31,2761,2,4,6,-,1.5,85,2.1,2,2.4,1.3,0.9,0.2,2.8,0.8,0.1,-,1.1,0.5,1.2,0.1,0.9,1,60.7,0.3,1.4,-
Mateo Kovacic,Chelsea,hr,25,M(CL),178,78,21(11),1745,-,2,3,-,0.9,92,0.3,-,1.4,0.3,0.6,-,0.6,0.8,0.1,-,0.8,1.3,1,-,1.2,0.8,45.9,-,0.9,0.2
Emerson,Chelsea,it,24,"D(L),M(L)",176,63,7(3),660,-,-,-,-,0.5,89.9,0.5,-,1.4,0.8,0.8,0.2,0.8,0.4,0.1,-,0.5,1,0.6,-,0.9,0.8,43.6,0.3,0.6,0.1
César Azpilicueta,Chelsea,es,29,"D(CLR),M(R)",178,76,38,3403,1,5,4,-,0.4,87,1.8,1,2.8,1.1,1,0.4,2,0.8,0.4,-,0.7,0.3,0.4,0.1,0.2,0.9,65.3,0.6,1.3,0.1
Jorginho,Chelsea,it,27,DMC,180,65,37,3165,2,-,8,-,0.5,89.3,0.4,-,2.1,1.7,0.9,-,0.9,1.4,0.2,-,0.8,0.4,0.6,-,0.8,0.9,84.3,-,2.5,0.4
Callum Hudson-Odoi,Chelsea,eng,18,AM(R),182,76,4(6),391,-,1,-,-,0.6,86,0.2,-,0.8,0.3,0.1,-,-,0.2,-,-,0.9,1.2,0.6,0.3,0.7,1.1,20.7,0.6,0.4,-
Antonio Rüdiger,Chelsea,de,26,D(CR),190,85,33,2874,1,-,7,-,0.8,91.5,2.5,-,1,1,0.8,0.6,2.9,0.4,0.2,-,0.2,0.1,0.5,-,0.3,0.2,76.9,-,4.5,0.1
David Luiz,Chelsea,br,32,"D(C),DMC",189,84,36,3239,3,2,3,-,0.9,88,2.3,-,1.1,1,0.9,0.7,4,0.2,0.5,-,0.6,0.3,0.8,-,0.1,0.4,72.8,-,6,0.3
Eden Hazard,Chelsea,be,28,"M(CLR),FW",173,76,32(5),2926,16,15,2,-,2.5,84.3,0.5,14,0.4,0.4,0.3,-,0.1,0.3,-,-,2.6,3.7,2.8,0.3,2.3,2.4,49.2,0.9,2.7,0.3
Ross Barkley,Chelsea,eng,25,M(CLR),189,76,13(14),1243,3,5,1,-,1.5,91.2,0.7,1,0.6,0.3,0.5,-,0.5,0.4,-,-,0.8,0.6,1,-,1.2,0.7,35.3,-,1.5,0.1
Kyle Walker-Peters,Tottenham,eng,22,D(R),173,62,4(2),374,-,3,1,-,0.3,83,0.5,-,1.2,0.7,0.7,-,0.7,0.2,0.2,-,1.2,1.5,1.7,0.2,0.5,0.5,31.3,0.7,0.5,-
Luke Amos,Tottenham,eng,22,Midfielder,179,70,0(1),2,-,-,-,-,-,33.3,1,-,1,-,-,-,-,-,-,-,-,-,-,-,-,-,3,-,-,-
Jan Vertonghen,Tottenham,be,32,D(CL),189,87,22,1915,1,-,3,1,0.7,87.5,2.3,1,1.8,1.5,0.5,0.9,3.3,0.5,0.5,-,0.2,0.4,0.5,-,0.1,0.5,69.6,0.2,3.1,-
Juan Foyth,Tottenham,ar,21,D(CR),179,69,10(2),890,1,-,3,1,0.3,85.2,2.1,1,2.6,0.8,1.3,0.8,4,0.4,0.4,-,0.3,1.6,0.8,-,0.8,0.9,48.8,-,1.8,0.1
Son Heung-Min,Tottenham,kr,27,"M(CLR),FW",183,78,23(8),2049,12,6,2,1,2.4,85.6,0.1,4,0.7,0.3,0.4,-,0.1,0.8,0.1,-,1.1,1.5,0.6,0.7,1.4,1.9,24.3,0.2,0.4,0.1
Paulo Gazzaniga,Tottenham,ar,27,GK,196,90,3,270,-,-,-,-,-,64.2,-,-,-,-,-,-,1,-,-,-,-,-,-,-,-,0.3,31.7,-,6,-
Hugo Lloris,Tottenham,fr,32,GK,188,82,33,2970,-,-,-,-,-,73.6,0.3,2,-,-,-,-,1,0.1,-,-,-,-,0.1,-,-,0.1,31.7,-,6.7,-
Eric Dier,Tottenham,eng,25,"D(CR),DMC",188,88,18(2),1510,3,-,4,-,0.5,84.9,1.8,-,1.3,1.1,1.2,-,2.1,1.4,0.6,-,0.4,0.1,0.5,-,0.5,0.6,54.2,0.1,2.3,0.1
Danny Rose,Tottenham,eng,29,"D(L),M(L)",173,72,20(6),1798,-,3,5,-,0.6,73.7,1,1,1.9,0.9,1,0.2,0.8,0.5,0.2,-,1,1.3,1.8,-,0.7,1.9,35.7,0.8,1,-
Ben Davies,Tottenham,wls,26,"D(CL),M(L)",181,76,20(7),1839,-,-,2,-,0.5,82.8,1.7,1,2.1,0.9,0.7,0.3,2.3,0.6,0.4,-,0.6,0.1,0.5,-,0.4,0.7,40.2,0.3,1.2,-
Oliver Skipp,Tottenham,eng,18,Midfielder,0,0,2(6),216,-,-,-,-,0.3,83.9,1.3,-,0.9,0.1,0.5,-,0.8,0.3,0.1,-,0.1,0.3,0.4,-,0.3,0.3,17.9,-,0.5,-
Vincent Janssen,Tottenham,nl,25,FW,180,79,0(3),36,-,-,-,-,1,77.8,1,-,0.7,-,0.7,-,0.3,-,-,-,-,0.3,-,0.3,0.3,-,3,-,-,-
Christian Eriksen,Tottenham,dk,27,M(CLR),182,76,30(5),2772,8,12,3,-,2.4,81,0.4,2,1.2,0.4,0.5,-,0.2,1.2,0.1,-,2.1,0.5,0.5,0.1,0.8,1.7,53.5,0.9,2.3,0.3
Kieran Trippier,Tottenham,eng,28,"D(R),M(R)",178,71,26(1),2278,1,3,2,-,0.3,78.9,1.1,1,2.5,0.9,0.7,0.6,2.3,0.9,0.2,1,1.8,0.3,0.9,0.2,0.5,0.7,57.1,2,2.6,0.1
Harry Winks,Tottenham,eng,23,DMC,178,65,17(9),1592,1,-,4,-,0.3,91.8,0.5,1,0.8,0.8,0.6,-,0.7,1,0.1,-,0.3,0.7,0.6,0.1,0.8,0.6,53.4,-,2.2,-
Toby Alderweireld,Tottenham,be,30,D(CR),187,90,33(1),2924,-,-,3,-,0.6,88.5,1.6,-,1.1,0.7,0.3,0.6,4.9,0.3,0.6,1,0.2,-,-,-,-,0.2,69.4,0.1,7.1,0.1
Serge Aurier,Tottenham,ci,26,"D(CLR),M(R)",176,76,6(2),564,-,2,1,-,0.5,75.5,1.5,-,2.5,0.9,2.1,0.5,2.1,0.9,0.3,-,0.8,1,0.3,0.1,0.9,1.5,33.6,0.9,0.6,-
Dele Alli,Tottenham,eng,23,M(CL),188,76,22(3),1835,5,3,4,-,1.6,80.3,0.8,1,1.3,0.8,0.9,-,0.7,0.8,0.2,-,1.1,1.2,0.8,0.1,1.2,2,41.1,0.1,1,0.1
Georges-Kévin Nkoudou,Tottenham,fr,24,AM(LR),174,68,0(1),4,-,1,-,-,-,66.7,-,-,-,-,-,-,-,-,-,-,1,-,1,-,-,-,3,1,-,-
Victor Wanyama,Tottenham,ke,28,DMC,188,80,4(9),513,1,-,2,-,0.5,81,1.1,-,1,0.5,0.8,-,0.7,0.5,0.2,-,0.2,0.5,0.5,-,0.3,0.6,25.1,0.1,0.1,-
Davinson Sánchez,Tottenham,co,23,D(C),187,81,22(1),1943,1,1,2,-,0.6,89.9,2.9,-,1.6,1.3,0.9,1.1,4.4,0.7,0.4,-,0.2,-,0.4,-,0.1,0.3,62.6,-,2.7,-
Lucas Moura,Tottenham,br,26,"AM(CLR),FW",172,72,25(7),2128,10,-,3,-,1.4,76.1,1.1,3,1.1,0.8,0.8,-,0.8,0.6,-,-,0.8,1.4,1.5,0.4,1.1,2.1,22.6,-,0.4,-
Erik Lamela,Tottenham,ar,27,AM(CLR),181,79,9(10),973,4,2,2,-,1.5,83.2,0.2,1,0.9,0.4,1.2,-,0.1,0.5,-,-,1.2,1.1,0.9,0.1,1.1,1.5,22.2,0.5,0.4,0.2
Fernando Llorente,Tottenham,es,34,FW,193,90,6(14),685,1,4,2,-,1.2,66.4,2.7,-,0.2,0.1,0.6,-,0.5,0.1,0.1,1,0.7,0.3,0.3,0.3,0.6,1.4,11.2,-,0.2,-
Mousa Dembélé,Tottenham,be,31,M(CR),185,87,7(3),516,-,-,1,-,0.1,89.6,0.6,-,1.3,0.7,1.2,0.1,0.5,0.3,0.1,-,-,0.7,0.3,-,0.7,0.9,30.8,-,0.4,-
Harry Kane,Tottenham,eng,25,"AM(C),FW",188,86,27(1),2427,17,4,5,-,3.6,73.1,1.8,6,0.4,-,1.1,-,0.5,0.5,0.2,-,1.1,1.4,1.9,0.4,1.6,2.9,19.7,0.1,1.6,-
Michel Vorm,Tottenham,nl,35,GK,183,84,2,180,-,-,-,-,-,77.3,0.5,1,-,-,-,-,1,-,-,-,-,-,-,-,-,0.5,22,-,2.5,-
Moussa Sissoko,Tottenham,fr,29,M(CR),187,83,27(2),2337,-,3,2,-,0.5,86.7,0.8,-,1.2,0.6,0.8,-,0.7,0.5,0.1,-,0.9,1.2,0.7,0.1,1,1.4,46.5,0.1,1.4,-
Alexandre Lacazette,Arsenal,fr,28,"M(LR),FW",175,73,27(8),2507,13,8,2,-,2.3,74.2,1.3,4,1,0.4,1.5,-,0.8,0.7,-,-,0.9,1.3,1.5,0.7,1.7,2,22,0.1,0.5,0.1
Eddie Nketiah,Arsenal,eng,20,Forward,175,72,0(5),63,1,-,-,-,0.6,90,-,-,0.2,-,0.2,-,0.2,-,-,-,0.2,0.4,0.4,0.4,0.6,0.4,4,-,-,-
Héctor Bellerín,Arsenal,es,24,"D(R),M(R)",178,74,18(1),1535,-,5,3,-,0.9,84.2,1.1,-,0.8,1.1,0.8,0.2,1.7,0.4,0.3,1,0.4,0.8,0.3,0.1,0.8,1.1,41.3,0.5,1.3,0.1
Sokratis,Arsenal,gr,31,D(CR),186,85,25,2199,1,2,12,-,0.4,89.4,2.2,-,1.7,1,1.5,0.7,4.3,0.5,0.7,-,0.2,0.2,1,-,0.2,0.3,55.5,-,4.1,-
Bukayo Saka,Arsenal,,17,Forward,178,0,0(1),7,-,-,-,-,-,-,-,-,-,-,-,-,-,-,-,-,-,-,-,-,-,-,-,-,-,-
Ainsley Maitland-Niles,Arsenal,eng,21,"D(LR),M(CLR)",177,71,11(5),986,1,1,1,1,0.3,78.5,0.4,1,2.1,1.2,0.5,0.1,0.7,0.9,0.3,-,0.4,1.2,0.8,0.1,1.1,1.6,28.2,0.1,0.9,-
Konstantinos Mavropanos,Arsenal,gr,21,D(C),194,88,3(1),150,-,-,1,-,0.5,92.7,0.5,-,0.3,1.8,0.5,1,1.3,-,0.3,-,0.3,0.5,-,-,-,-,34.3,-,3.3,-
Petr Cech,Arsenal,cz,37,GK,196,90,7,588,-,-,-,-,-,68.3,0.3,1,0.1,-,-,-,1,-,-,-,-,-,0.3,-,-,-,32,-,5.4,-
Shkodran Mustafi,Arsenal,de,27,D(CR),184,82,31,2617,2,-,9,-,0.6,81.9,4,2,2,1.9,1.4,0.7,5.2,0.3,0.5,-,0.2,0.3,0.3,0.1,0.2,0.4,56.9,-,3.2,0.1
Danny Welbeck,Arsenal,eng,28,"AM(CLR),FW",185,73,1(7),148,1,1,-,-,0.5,74.1,0.9,-,0.4,0.1,0.4,-,0.1,-,-,-,0.6,0.3,0.3,-,0.4,0.6,6.8,-,0.1,-
Nacho Monreal,Arsenal,es,33,"D(CL),M(L)",179,72,21(1),1861,1,3,5,-,0.3,87.6,1.6,-,1.6,1.4,0.8,0.5,2.5,0.5,0.5,-,0.5,0.3,1,-,0.1,0.5,53.1,0.2,1.4,-
Laurent Koscielny,Arsenal,fr,33,D(C),186,75,13(4),1330,3,-,1,-,0.3,91.9,1.5,1,1.1,1.8,0.5,0.8,4.1,0.4,0.9,-,0.1,0.1,0.8,-,0.2,0.2,52.4,-,3.5,-
Lucas Torreira,Arsenal,uy,23,DMC,168,64,24(10),2381,2,2,7,1,0.7,87.4,0.6,-,1.9,1.2,1.1,0.1,0.9,0.9,0.2,-,0.5,0.4,2.3,-,0.8,0.9,46.8,0.2,1.8,-
Carl Jenkinson,Arsenal,eng,27,D(R),185,77,2(1),167,-,-,-,-,-,77.3,0.3,-,1,-,0.3,-,0.7,0.3,1,-,0.3,-,-,-,1,1.7,25,-,-,-
Pierre-Emerick Aubameyang,Arsenal,ga,30,"M(LR),FW",187,80,30(6),2733,22,5,-,-,2.6,74,0.9,4,0.6,0.2,0.4,-,0.5,0.6,-,-,0.9,0.8,0.6,0.6,0.9,1.7,19.2,0.3,0.3,-
Sead Kolasinac,Arsenal,ba,26,"D(L),M(L)",183,85,22(2),1891,-,5,5,-,0.4,77.7,0.8,-,1.4,0.8,0.9,-,1,0.6,0.1,-,1.3,0.5,0.4,0.4,0.7,1.3,40.5,0.5,0.8,-
Mesut Özil,Arsenal,de,30,M(CLR),180,76,20(4),1742,5,2,2,-,0.5,88.6,0.2,2,0.5,0.2,0.4,-,0.2,0.8,0.1,-,1.9,0.9,0.9,0.4,1.4,2,46.6,0.8,1.2,0.1
Rob Holding,Arsenal,eng,23,D(CR),189,75,9(1),807,-,-,1,-,0.2,87.5,2.1,1,1.1,1.2,0.6,0.3,3.7,0.6,0.7,-,0.2,0.3,0.2,-,0.2,0.4,61.4,-,3.4,-
Henrikh Mkhitaryan,Arsenal,am,30,M(CLR),177,75,19(6),1645,6,4,1,-,2,79.9,0.8,1,1.1,0.6,1.1,-,0.4,0.6,0.1,-,1.2,0.8,0.4,0.1,1,2,31.8,0.3,0.8,0.2
Matteo Guendouzi,Arsenal,fr,20,DMC,185,64,23(10),2144,-,-,9,-,0.5,87.7,0.5,-,1.3,0.9,0.7,0.1,0.7,0.9,0.2,-,0.5,0.7,1.9,-,0.9,0.9,48.4,-,2.4,0.2
Stephan Lichtsteiner,Arsenal,ch,35,"D(R),M(R)",182,76,10(4),941,-,-,3,-,0.1,78.5,1.6,-,1.1,0.6,0.8,0.5,1.6,0.5,0.3,-,0.2,0.3,0.7,0.1,0.9,0.9,34.3,0.1,1,-
Bernd Leno,Arsenal,de,27,GK,190,83,31(1),2833,-,-,-,-,-,69.2,0.2,-,-,0.1,-,-,1,0.1,-,-,-,-,0.2,-,-,-,28.8,-,4.9,-
Mohamed Elneny,Arsenal,eg,27,DMC,180,73,5(3),381,-,-,-,-,0.9,90.6,0.3,-,1.6,0.3,0.1,-,1,0.1,0.5,-,0.6,0.1,-,0.1,0.4,0.8,34.8,0.1,1.9,-
Granit Xhaka,Arsenal,ch,26,M(C),185,82,29,2502,4,2,10,-,1,85.3,1.8,4,1.8,1.2,1.6,0.2,1.9,1.2,0.3,-,1.4,0.2,1.8,-,0.6,0.6,77.4,1.1,5.5,0.1
Denis Suárez,Arsenal,es,25,AM(CLR),176,69,0(4),67,-,-,-,-,-,91.2,-,-,0.3,0.3,-,-,-,1.3,-,-,-,1,0.3,-,0.3,0.8,8.5,-,-,-
Aaron Ramsey,Arsenal,wls,28,M(CR),178,76,14(14),1331,4,6,-,-,1.2,82,0.5,-,1.2,0.3,0.8,-,0.1,0.6,-,-,0.9,0.4,0.7,0.1,1,1.3,27.6,0.2,0.9,-
Alex Iwobi,Arsenal,ng,23,AM(CLR),180,75,22(13),1976,3,6,-,-,1,77.8,0.1,-,0.8,0.3,0.2,-,0.3,0.5,-,-,1.1,1.3,0.4,0.1,1.6,2,27.2,0.3,0.8,-
Joe Willock,Arsenal,eng,19,AM(C),179,71,1(1),64,-,-,-,-,1,80,0.5,-,0.5,0.5,-,-,-,-,-,-,-,-,1,-,1,1.5,7.5,-,0.5,-
Eric Bailly,Manchester United,ci,25,D(CR),187,77,8(4),639,-,-,-,1,0.3,87.1,1.1,-,1.3,1.1,0.4,0.3,3.1,0.2,0.3,-,-,0.3,0.4,-,0.1,0.4,25.2,-,1.6,-
Romelu Lukaku,Manchester United,be,26,"AM(R),FW",190,93,22(10),2130,12,-,4,-,1.7,66.3,2.9,2,0.3,0.1,0.6,-,0.6,0.3,-,-,0.7,0.7,0.1,0.7,1.4,1.6,16.7,0.2,0.4,0.1
Matteo Darmian,Manchester United,it,29,"D(CLR),M(LR)",182,70,5(1),444,-,-,-,-,0.2,85.1,0.5,-,2.3,1.2,0.5,0.3,3.2,1.2,-,-,0.3,0.2,0.7,0.2,0.3,0.5,29.2,0.2,1.3,-
Ander Herrera,Manchester United,es,29,M(C),182,70,16(6),1405,2,3,4,-,1,87.8,0.2,2,2.5,1.7,1,-,1,1.8,0.3,-,0.7,0.5,0.9,-,0.4,0.6,44.5,-,1.5,0.1
Scott McTominay,Manchester United,sct,22,DMC,193,88,9(7),863,2,-,1,-,0.9,83.3,2.1,1,0.6,0.9,0.7,-,1,0.4,0.3,-,0.1,0.1,1,0.1,0.4,0.9,28.1,-,1.1,-
Chris Smalling,Manchester United,eng,29,D(CR),194,81,24,2128,1,-,1,-,0.5,86.2,4.3,1,1.3,1.1,0.9,0.5,4.4,0.3,1,1,0.1,-,0.3,0.1,-,0.3,39.8,-,2.1,-
Juan Mata,Manchester United,es,31,AM(CLR),170,63,16(6),1295,3,2,3,-,0.9,86,0.1,-,0.4,0.3,0.5,-,0.2,0.7,-,-,1.4,0.5,0.4,0.4,0.9,0.6,31.8,0.6,2.2,0.1
Mason Greenwood,Manchester United,eng,17,Forward,0,0,1(2),116,-,-,-,-,2.3,85,-,-,1,-,-,-,0.3,0.3,-,-,1,1,0.3,0.7,1,1,20,-,-,-
Fred,Manchester United,br,26,M(C),169,64,13(4),1045,1,1,2,-,1,86.3,0.2,1,1.7,0.9,1.5,0.1,0.5,1.1,0.1,-,0.7,0.6,1.1,0.1,1.1,1.2,45.2,0.3,3.5,0.1
Luke Shaw,Manchester United,eng,23,"D(L),M(L)",185,75,29,2592,1,4,11,-,0.7,83.3,1.7,2,1.9,0.7,1.4,0.1,2.8,0.7,0.4,-,1.1,0.9,0.6,-,0.5,1,57.2,0.5,1.6,0.1
Victor Lindelöf,Manchester United,se,24,D(CR),187,80,29(1),2602,1,1,1,-,0.3,89.2,2.3,-,1.3,0.8,0.6,0.7,3.9,0.3,0.4,1,0.2,0.3,0.5,-,0.1,0.4,49.7,-,2.1,-
Alexis Sánchez,Manchester United,cl,30,"M(CLR),FW",169,62,9(11),877,1,3,3,-,0.9,74.6,0.4,-,0.9,0.5,0.7,-,0.1,0.4,-,-,1.1,0.7,0.9,0.4,1.3,1.1,19.1,0.3,1.2,0.1
Andreas Pereira,Manchester United,br,23,AM(CLR),178,71,6(9),597,1,1,5,-,0.5,82.4,0.2,-,0.5,0.7,0.8,-,0.5,0.7,0.1,-,0.6,0.5,0.3,0.1,0.9,0.6,23.5,0.2,0.8,-
Tahith Chong,Manchester United,nl,19,Midfielder,185,75,0(2),37,-,-,-,-,1,80,-,-,-,-,-,-,0.5,-,-,-,-,0.5,1,-,0.5,0.5,7.5,-,-,-
Antonio Valencia,Manchester United,ec,33,"D(R),M(R)",180,83,5(1),466,-,-,2,-,0.3,84.1,0.5,-,1.3,0.8,1.2,-,1,0.2,-,-,1.2,0.5,0.7,-,0.2,-,45.2,0.8,1.8,-
Phil Jones,Manchester United,eng,27,"D(CR),DMC",180,71,15(3),1264,-,1,1,-,0.3,92.6,2.6,-,1.1,1.3,0.4,0.6,3.4,0.3,0.6,-,0.2,0.2,0.6,-,0.1,0.5,41.9,-,2.2,-
Marouane Fellaini,Manchester United,be,31,M(C),194,85,6(8),748,-,1,1,-,0.5,81.2,3.4,-,1.5,0.3,1.1,0.1,2.4,0.6,0.4,-,0.2,0.1,0.6,0.1,0.6,0.7,30.4,0.1,0.3,-
David de Gea,Manchester United,es,28,GK,192,76,38,3420,-,-,1,-,-,60,0.1,1,-,-,-,-,0.6,0.1,-,-,-,-,0.1,-,-,-,24.9,-,7.9,-
Jesse Lingard,Manchester United,eng,26,AM(CLR),175,62,19(8),1670,4,2,3,-,1.2,85.7,0.2,1,1.1,0.4,1,-,0.2,0.8,0.1,-,0.6,0.5,0.9,0.3,0.7,1.6,28.2,0.1,0.3,0.1
James Garner,Manchester United,eng,18,Midfielder,0,0,0(1),1,-,-,-,-,-,-,-,-,-,-,-,-,-,-,-,-,-,-,-,-,-,-,1,-,-,-
Anthony Martial,Manchester United,fr,23,"AM(LR),FW",181,76,18(9),1624,10,2,2,-,1.4,79.3,0.7,2,0.3,0.1,0.5,-,0.3,0.4,-,-,1.3,1.2,1,0.2,1.2,1.7,26.2,0.1,0.1,0.1
Nemanja Matic,Manchester United,rs,30,DMC,194,85,28,2441,1,-,6,1,0.4,86.9,2,-,1.8,1.1,1,-,1.9,1,0.6,-,0.5,0.6,0.7,-,1.4,0.9,65.6,0.1,3.9,-
Diogo Dalot,Manchester United,pt,20,"D(LR),M(R)",183,76,12(4),1015,-,2,3,-,0.9,70.9,1.4,-,1.5,0.6,0.8,0.4,1.9,0.3,0.1,-,1.1,0.7,0.1,0.1,0.3,0.6,26.4,0.9,0.6,-
Angel Gomes,Manchester United,eng,18,Midfielder,161,61,0(2),25,-,-,-,-,1,95.2,-,-,0.5,-,-,-,-,-,-,-,-,-,-,-,0.5,-,10.5,-,0.5,-
Ashley Young,Manchester United,eng,34,"D(LR),M(LR)",175,65,28(2),2569,2,2,8,1,0.4,77.5,0.8,-,1.7,1.8,1.2,0.3,1.9,0.6,0.3,-,1.3,0.6,1.1,0.1,0.6,0.8,45.9,1.4,3.7,-
Marcos Rojo,Manchester United,ar,29,D(CL),187,85,2(3),211,-,-,2,-,1.2,72.6,0.6,-,1,1.2,0.6,0.6,1.8,1,0.4,1,-,0.2,0.2,-,-,0.2,24.8,-,1.6,-
Paul Pogba,Manchester United,fr,26,M(C),191,84,34(1),3012,13,9,6,-,3,82.8,1.7,7,1.3,0.5,1.5,-,1,0.7,0.3,-,1.6,1.7,2,0.1,2.5,2.1,59.1,0.1,4.7,0.2
Marcus Rashford,Manchester United,eng,21,"AM(LR),FW",180,70,26(7),2345,10,6,3,1,2.5,78.1,0.9,3,0.7,0.1,0.8,-,0.7,0.7,-,-,1.2,1.3,1.6,0.5,1.4,2.5,20.2,0.3,0.5,-
Diogo Jota,Wolverhampton Wanderers,pt,22,"AM(CL),FW",178,70,29(4),2372,9,5,11,-,1.8,75.6,0.8,3,0.8,0.4,1.3,-,0.3,0.8,-,-,0.8,1.7,1.7,0.2,1.5,2.3,22.6,0.2,0.5,0.1
João Moutinho,Wolverhampton Wanderers,pt,32,M(C),170,61,35(3),3040,1,8,4,-,0.5,84.8,0.6,1,3,1.1,1.4,-,1.1,2.2,0.3,-,2.2,0.3,1,-,0.7,0.4,49,1.7,3.3,-
Leander Dendoncker,Wolverhampton Wanderers,be,24,DMC,188,76,17(2),1469,2,-,1,-,0.9,79.4,2.9,2,2.8,1.2,0.6,0.1,1.5,1.6,0.3,-,0.4,0.6,0.6,0.1,0.4,0.9,31.9,0.1,0.8,-
Rui Patrício,Wolverhampton Wanderers,pt,31,GK,190,84,37,3330,-,-,-,-,-,53.6,0.2,-,0.1,-,-,-,0.4,-,-,-,-,-,-,-,-,-,20.5,-,6.9,-
Max Kilman,Wolverhampton Wanderers,,22,Defender,0,0,0(1),1,-,-,-,-,-,-,-,-,-,-,-,-,-,-,-,-,-,-,-,-,-,-,-,-,-,-
Will Norris,Wolverhampton Wanderers,eng,25,Goalkeeper,195,74,0(1),1,-,-,-,-,-,-,-,-,-,-,-,-,-,-,-,-,-,-,-,-,-,-,-,-,-,-
Morgan Gibbs-White,Wolverhampton Wanderers,eng,19,AM(C),171,0,5(21),651,-,1,1,-,0.3,83.9,0.5,-,0.2,-,0.3,-,-,0.1,-,-,0.4,0.5,0.2,0.1,0.6,0.9,12.2,0.2,0.8,0.1
Jonny,Wolverhampton Wanderers,es,25,"D(CLR),M(L)",175,70,32(1),2780,1,1,6,-,0.8,77.8,1.2,1,2.4,1.8,0.7,0.2,1.6,0.9,0.2,-,0.9,0.9,1,0.2,1.2,1.2,32.6,0.3,1,-
Rúben Neves,Wolverhampton Wanderers,pt,22,DMC,180,72,34(1),3009,4,3,8,-,2.1,81.2,0.9,-,2.1,2.1,1.1,-,1.3,1.6,0.5,-,0.7,0.3,0.5,-,0.8,0.8,55.4,0.1,6.1,-
Hélder Costa,Wolverhampton Wanderers,pt,25,AM(CLR),178,73,16(9),1346,1,2,3,-,1,81.4,0.4,-,0.7,0.4,0.8,-,0.2,0.6,-,-,0.7,1,0.9,0.2,1.7,1.9,17.7,0.1,0.4,-
Raúl Jiménez,Wolverhampton Wanderers,mx,28,FW,190,76,36(2),3125,13,7,4,-,2.9,72.8,2.1,4,0.8,0.7,1.1,-,1,0.4,0.1,-,1.1,0.9,1,0.9,1.8,2.5,27.9,0.2,0.9,0.1
Willy Boly,Wolverhampton Wanderers,fr,28,D(C),195,92,36,3169,4,-,2,1,0.7,81,3.8,2,2.4,2,0.8,0.1,4.8,0.6,0.9,-,0.3,0.4,0.4,0.1,0.4,0.3,47.6,-,2.4,-
Ivan Cavaleiro,Wolverhampton Wanderers,pt,25,"AM(CLR),FW",175,73,6(17),687,3,1,1,-,0.6,75.5,0.4,-,0.2,0.2,0.6,-,0.2,0.6,-,-,0.8,0.7,0.2,0.3,0.8,1.1,12.8,0.7,0.1,-
Rúben Vinagre,Wolverhampton Wanderers,pt,20,M(L),174,64,7(10),706,-,-,1,-,0.2,77.3,0.5,-,0.8,0.8,0.7,0.1,0.8,0.2,0.1,-,0.4,0.8,0.5,0.1,0.7,1.1,16.8,0.4,0.5,-
Adama Traoré,Wolverhampton Wanderers,es,23,"AM(R),FW",178,72,8(21),896,1,1,1,-,0.7,72.2,0.8,1,0.6,0.2,0.5,-,0.2,0.2,-,-,0.6,2.2,0.9,0.2,1.6,1.3,9.3,0.5,0.2,-
Ryan Bennett,Wolverhampton Wanderers,eng,29,D(C),188,70,34,3060,1,-,12,-,0.4,79.6,3.6,-,1.7,1.3,1.1,0.2,3.6,0.5,0.6,-,0.3,0.1,0.3,-,-,0.1,39.6,-,2,-
Matt Doherty,Wolverhampton Wanderers,ie,27,"D(LR),M(R)",182,80,35(3),3147,4,5,5,-,1.2,71.6,3.8,2,1.8,1.6,0.8,0.1,2.2,0.6,0.2,1,1,0.5,0.6,0.1,0.6,1.2,36.8,0.4,1.4,0.1
Conor Coady,Wolverhampton Wanderers,eng,26,"D(CR),DMC",185,73,38,3420,-,-,5,-,-,84.3,0.9,1,0.8,0.8,0.3,0.5,3.3,0.4,0.7,3,0.1,0.1,0.2,-,0.1,0.2,44.4,-,6.4,-
Romain Saïss,Wolverhampton Wanderers,ma,29,"D(C),DMC",190,80,12(7),1145,2,-,7,-,0.6,77.1,3.2,2,2.1,1.4,1.4,0.1,3.1,0.9,0.6,-,0.2,0.3,0.4,-,0.1,0.1,38.8,0.1,3.2,-
Léo Bonatini,Wolverhampton Wanderers,br,25,FW,185,80,0(7),130,-,1,-,-,1.3,78.9,0.1,-,0.1,-,-,-,-,0.6,-,-,0.3,0.1,-,-,0.6,0.6,8.1,-,0.3,-
John Ruddy,Wolverhampton Wanderers,eng,32,GK,193,97,1,90,-,-,-,-,-,68.4,-,-,-,-,-,-,-,-,-,-,-,-,-,-,-,-,19,-,9,-
Seamus Coleman,Everton,ie,30,"D(R),M(R)",177,67,29,2560,2,2,1,-,0.5,78.1,1.6,-,1.5,0.9,0.8,0.2,2.6,0.4,0.2,1,0.8,0.7,0.7,0.1,0.8,1.5,41.2,0.6,1.4,-
Cenk Tosun,Everton,tr,28,FW,183,78,10(15),1050,3,3,3,-,1.5,70.5,1.5,-,0.5,0.2,0.7,-,0.1,0.4,-,-,0.5,0.1,0.6,0.3,0.8,1.6,10.3,-,0.3,-
Yerry Mina,Everton,co,24,D(C),195,94,10(3),893,1,-,3,-,0.3,84.1,2.9,-,1.1,0.6,1,0.5,3.8,0.2,0.4,-,0.2,-,0.4,0.1,0.2,0.5,38.8,-,2.8,-
Kurt Zouma,Everton,fr,24,D(CR),190,96,29(3),2613,2,2,3,1,0.6,83.6,3.1,-,1,1.7,0.6,0.6,3.8,0.2,0.4,-,0.2,0.2,0.5,0.1,0.4,0.5,45.1,-,3.2,-
Bernard,Everton,br,26,AM(L),166,57,25(9),2129,1,3,5,-,0.7,75.3,0.1,-,1.4,0.8,0.5,-,0.4,1.2,0.1,-,1.2,1.2,0.8,0.1,1.2,2.2,23.7,0.4,0.5,0.1
James McCarthy,Everton,ie,28,M(C),180,72,0(1),14,-,-,-,-,-,100,-,-,2,1,-,-,-,-,-,-,-,-,-,-,-,-,6,-,-,-
Oumar Niasse,Everton,sn,29,FW,182,75,0(5),58,-,-,-,-,0.6,59.1,0.6,-,-,-,0.6,-,-,0.2,-,-,0.2,0.2,0.2,0.2,1.2,0.6,4.4,-,-,-
Dominic Calvert-Lewin,Everton,eng,22,"AM(L),FW",176,71,19(16),1776,6,2,3,-,1.5,61.7,3.2,-,0.4,0.2,1,-,0.5,0.2,0.1,-,0.3,0.6,0.9,0.2,1.2,1.9,12.2,0.1,0.3,-
Michael Keane,Everton,eng,26,D(CR),191,82,33,2970,1,2,2,-,0.9,80.8,5.8,2,1.2,1.3,0.7,0.8,5.5,0.4,0.7,-,0.3,0.2,0.2,-,0.1,0.3,48.3,-,3.1,-
Jonjoe Kenny,Everton,eng,22,D(R),176,67,8(2),790,-,1,1,-,0.3,72,2.3,-,2.1,1.7,1,0.7,3,0.8,0.2,-,0.6,0.5,0.1,-,0.9,0.7,42.8,0.4,1.8,-
Leighton Baines,Everton,eng,34,"D(L),M(L)",170,74,5(1),376,-,-,-,-,0.3,82.2,0.3,-,1.3,0.3,0.3,-,1.2,0.3,-,-,0.7,-,0.2,0.2,0.2,0.2,31.8,1,1.2,-
Tom Davies,Everton,eng,21,M(C),180,70,10(6),976,-,-,3,-,0.4,80,0.5,-,1.7,1,1.3,-,0.6,1,0.1,-,0.3,0.8,1.1,0.1,0.5,1.7,31.6,-,1.9,0.1
André Gomes,Everton,pt,25,M(CLR),188,84,24(3),1986,1,1,7,-,0.8,84.8,1.4,-,1.4,0.7,1.8,-,0.7,1.7,0.1,-,0.2,1.5,1,-,1.9,1.3,44.4,0.1,3.5,-
Ademola Lookman,Everton,eng,21,"AM(CLR),FW",174,78,3(18),602,-,2,-,-,0.6,84.6,0.3,-,0.7,0.3,0.4,-,0.1,0.1,-,-,0.5,1.1,1,0.1,1.2,0.9,12,0.2,0.1,-
Gylfi Sigurdsson,Everton,is,29,"M(CLR),FW",186,79,36(2),3134,13,6,3,-,2.3,76.2,0.5,6,1.5,0.7,0.9,-,0.6,0.8,0.1,-,1.9,1,1,0.1,0.8,2.1,26.1,1.3,0.7,0.3
Phil Jagielka,Everton,eng,36,D(CR),180,87,4(3),330,1,-,-,1,0.1,74.5,2,-,1,0.3,0.3,0.6,1.9,0.4,-,-,0.3,-,0.4,-,-,0.3,27.4,-,1.6,-
Jordan Pickford,Everton,eng,25,GK,185,77,38,3420,-,-,1,-,-,55.7,0.3,2,-,-,-,-,0.9,-,-,-,-,-,0.1,-,-,0.1,29.4,-,7.5,-
Theo Walcott,Everton,eng,30,"M(CLR),FW",176,68,24(13),2124,5,2,1,-,1.2,72.6,0.4,-,0.7,0.6,0.3,-,0.2,0.4,-,-,0.6,0.8,0.7,0.5,1,2.1,15.6,0.3,0.2,-
Mason Holgate,Everton,eng,22,"D(CR),M(R)",184,63,4(1),407,-,-,1,-,-,76.7,2.8,-,1,0.6,0.4,1,6.2,-,0.4,-,-,0.4,1.4,0.2,0.4,0.2,50.6,-,5.2,-
Morgan Schneiderlin,Everton,fr,29,DMC,181,75,10(4),835,-,1,2,-,0.2,88.6,1.4,1,1.7,1.1,1.5,-,1.1,0.6,0.2,-,0.6,0.1,0.5,-,0.5,0.9,38.9,0.1,1.9,0.1
Richarlison,Everton,br,22,"AM(CLR),FW",179,71,32(3),2679,13,1,5,1,2.4,68.5,2,3,1.4,0.5,0.9,-,1.1,0.5,0.1,-,0.6,1.1,2.1,0.5,2.6,3.2,22.7,0.1,0.6,-
Idrissa Gueye,Everton,sn,29,M(C),174,66,32(1),2826,-,2,6,-,0.6,84.3,1,2,4.3,2.2,1.6,-,1.3,1.2,0.2,-,0.5,0.7,1.2,-,0.9,1,52.8,0.1,3.2,0.1
Lucas Digne,Everton,fr,25,D(L),178,74,33(2),2966,4,4,5,1,1,76,2.6,4,2,1.7,1.1,0.3,2.7,0.5,0.3,1,2,0.4,0.9,0.1,0.9,0.9,41.6,2.4,1.7,-
Rachid Ghezzal,Leicester,dz,27,AM(CLR),182,70,8(11),739,1,-,3,-,1,79.4,0.5,-,0.7,0.4,0.7,-,0.2,0.8,0.1,-,0.8,1,0.4,-,1.1,1.2,22.2,0.8,1,0.1
Nampalys Mendy,Leicester,fr,27,M(C),167,73,23(8),2089,-,-,5,-,0.1,88.8,0.3,-,1.1,0.8,0.7,-,0.7,0.5,0.3,-,0.2,0.5,1.2,-,0.5,1,35.2,0.1,1.6,-
Shinji Okazaki,Leicester,jp,33,"AM(CLR),FW",174,70,1(20),271,-,1,-,-,0.2,74.5,0.4,-,0.2,0.1,0.3,-,-,-,-,-,-,0.1,0.2,0.1,0.3,0.9,4.5,-,0.1,-
Marc Albrighton,Leicester,eng,29,M(LR),175,74,18(9),1627,2,2,3,-,0.7,65.9,0.6,-,1.3,0.9,0.4,-,0.9,0.7,0.1,-,1.1,0.7,0.7,0.1,0.9,1.3,23,0.8,1.7,-
Fousseni Diabaté,Leicester,ml,23,"AM(R),FW",175,60,1,55,-,-,-,-,-,57.1,1,-,2,-,-,-,-,1,-,-,1,-,1,1,-,1,14,1,-,-
Adrien Silva,Leicester,pt,30,M(C),175,69,1(1),88,-,-,-,-,-,86.1,-,-,1,0.5,-,-,0.5,1,-,-,-,0.5,1,-,1.5,1.5,39.5,-,3.5,-
Wes Morgan,Leicester,jm,35,D(C),186,101,21(1),1926,3,-,1,2,0.6,80.8,4.2,1,1.2,1.5,0.8,0.7,4.7,-,0.5,-,0.1,0.1,0.3,0.1,-,0.6,40.5,-,1.6,-
Vicente Iborra,Leicester,es,31,M(C),190,91,3(5),226,-,-,-,-,0.3,86.4,1,-,0.4,1,0.8,-,0.4,0.9,-,-,0.1,-,0.1,-,0.5,-,18.4,-,2.1,0.1
Danny Simpson,Leicester,ie,32,D(R),176,80,3(3),291,-,-,-,-,-,70.9,1.3,-,1.8,1,0.3,-,2.5,0.3,0.5,-,0.2,-,-,-,0.3,0.2,18.3,-,1.2,-
Harvey Barnes,Leicester,eng,21,AM(CL),174,66,11(5),1010,1,2,-,-,2.5,77.2,0.4,-,0.6,0.2,0.4,-,0.3,0.1,0.1,-,1.1,1.9,0.4,0.1,0.9,1.8,19.4,0.2,0.1,-
Harry Maguire,Leicester,eng,26,D(C),194,100,31,2599,3,-,6,1,1,85.6,3.8,2,1,1.2,0.6,0.8,4.9,0.2,0.6,-,0.4,0.5,0.5,0.1,0.2,0.7,56.4,-,6.2,-
Çaglar Söyüncü,Leicester,tr,23,D(C),185,82,4(2),372,-,-,1,-,0.3,83.6,2.7,-,0.8,1.2,1.5,1,3.7,0.5,0.8,-,-,0.3,0.3,-,0.2,0.3,36.7,0.2,1.2,-
Kasper Schmeichel,Leicester,dk,32,GK,189,89,38,3420,-,-,3,-,-,65.5,0.3,-,-,0.1,-,-,0.8,-,-,-,-,-,0.1,-,-,-,29.4,-,9.2,-
Demarai Gray,Leicester,eng,23,"AM(CLR),FW",180,74,23(11),1996,4,1,2,-,1.4,77.6,0.3,-,0.7,0.3,0.4,-,0.4,0.3,-,-,0.5,1.2,0.4,0.1,1.1,1.7,19.3,0.1,0.6,-
Youri Tielemans,Leicester,be,22,M(C),176,72,13,1092,3,4,2,-,2.4,85,0.9,-,1.3,0.4,0.8,-,0.8,0.9,0.2,-,1.2,0.9,1.2,-,1.2,1.4,49.3,0.2,3.4,0.5
Jamie Vardy,Leicester,eng,32,"AM(L),FW",179,74,30(4),2733,18,4,3,1,2.3,65.6,2,3,0.4,0.2,0.6,-,0.8,0.4,-,-,0.9,0.4,0.6,1.1,0.6,1.5,12.2,0.2,0.2,-
Wilfred Ndidi,Leicester,ng,22,DMC,183,74,37(1),3299,2,-,8,-,1.4,79.9,3.4,3,3.8,2.2,1.2,0.1,2.1,1.3,0.2,-,0.6,0.9,0.6,0.1,0.9,1.5,52.2,-,2.4,0.1
Ricardo Pereira,Leicester,pt,25,"D(LR),M(R)",175,70,35,3125,2,6,7,-,0.7,78,1.9,4,3.4,1.7,1.2,0.2,3,1.7,0.2,-,0.9,1.9,1.4,0.1,1,1.5,43.8,0.4,1.2,-
Daniel Amartey,Leicester,gh,24,"D(R),DMC",186,79,7(2),641,-,-,2,-,0.4,85.2,1.6,-,2,1.8,0.7,0.2,2.8,0.6,0.4,-,0.3,0.2,0.1,0.1,0.4,0.3,41.2,-,2.2,-
Christian Fuchs,Leicester,at,33,"D(CL),M(L)",187,89,2(1),206,-,-,-,-,0.7,83.1,1,-,1.3,1.3,1,0.3,2.3,0.3,-,-,2,0.3,0.7,-,0.3,1.3,39.3,1.3,2.3,-
Hamza Choudhury,Leicester,eng,21,M(C),178,64,7(2),597,-,-,-,-,0.4,84.6,0.6,-,2.7,1.7,0.8,-,1.3,0.7,0.3,-,0.6,0.2,0.2,-,0.2,0.8,26.7,0.1,1.1,-
Jonny Evans,Leicester,nir,31,D(CL),188,77,21(3),1995,1,-,2,-,0.5,84.7,3,-,1,1.4,0.9,0.8,6.1,0.2,0.4,-,0.2,-,0.7,-,0.2,0.3,42.9,-,2.8,-
Ben Chilwell,Leicester,eng,22,"D(L),M(L)",178,77,36,3240,-,4,4,-,0.6,72.3,3.1,4,1.5,1.1,0.9,0.3,3.6,0.9,0.2,-,1.3,1.4,1.2,0.1,1.3,2,46.8,0.6,1.2,-
Kelechi Iheanacho,Leicester,ng,22,"AM(C),FW",185,82,9(21),931,1,3,2,-,0.6,76.4,0.5,-,0.2,0.1,0.5,-,0.1,0.1,-,-,0.4,0.3,0.2,0.3,0.7,1,9.2,-,0.2,0.1
James Maddison,Leicester,eng,22,AM(CLR),175,73,35(1),2850,7,7,3,1,2.3,83.8,0.3,3,1.3,0.3,0.7,-,0.1,1.2,0.1,-,2.8,1.4,2.2,0.1,1.1,1.3,39,1.9,2.2,0.3
Grady Diangana,West Ham,eng,21,M(R),180,73,6(11),608,-,1,-,-,0.6,77.9,0.4,-,1.2,0.1,0.2,0.1,0.2,0.5,-,-,0.7,1.2,0.6,0.1,1.1,1.6,14.4,0.2,0.2,-
Marko Arnautovic,West Ham,at,30,"AM(CLR),FW",192,83,24(4),2001,10,4,3,-,2.2,74.7,0.9,2,0.3,0.1,1.1,-,0.2,0.2,0.1,-,1.3,0.7,0.4,0.8,1.1,1.7,22.9,0.2,0.4,0.1
Carlos Sánchez,West Ham,co,33,"D(C),M(C)",182,80,2(5),240,-,-,-,-,0.4,88.8,0.1,-,0.6,0.1,0.4,-,0.7,0.7,-,-,0.3,0.4,0.1,-,0.3,0.1,20.4,-,1.9,-
Samir Nasri,West Ham,fr,32,M(CLR),175,75,3(2),246,-,2,-,-,0.6,88.4,-,-,-,0.2,0.6,-,0.2,-,-,-,1.2,0.4,0.4,0.6,-,-,31,0.2,1.4,-
Andy Carroll,West Ham,eng,30,FW,193,79,3(9),456,-,-,2,-,1.2,61,3.8,-,0.3,0.1,0.9,0.1,0.7,0.3,0.2,-,0.3,0.3,0.7,0.3,0.7,1.3,11.3,-,0.4,-
Lucas Pérez,West Ham,es,30,"AM(CR),FW",180,82,4(11),469,3,-,-,-,0.6,70.6,0.2,-,0.4,0.1,0.3,-,0.2,0.1,-,-,0.5,0.3,0.2,0.2,0.5,1,9.5,0.1,0.1,-
Robert Snodgrass,West Ham,sct,31,AM(CLR),182,82,25(8),2224,2,5,10,-,0.9,82.1,0.8,3,1.3,0.3,1.1,0.1,0.5,1,0.1,-,1.8,1,1.5,0.1,1.3,1.8,29.4,1.8,0.8,0.1
Ben Johnson,West Ham,eng,19,Midfielder,175,67,1,63,-,-,-,-,-,78.6,-,-,1,1,-,2,3,1,-,-,-,-,-,-,-,1,14,-,-,-
Andriy Yarmolenko,West Ham,ua,29,AM(R),189,81,5(4),461,2,-,2,-,1,82.3,0.3,-,0.4,0.2,0.9,-,0.3,0.2,0.1,-,0.6,0.2,0.9,0.1,1.2,1.3,22.6,-,0.9,-
Mark Noble,West Ham,eng,32,M(C),180,70,29(2),2308,5,5,6,1,0.5,85.3,0.3,-,1.5,0.7,0.7,-,0.4,1.2,0.1,-,0.7,0.5,1.2,-,1.1,0.9,48.6,0.2,4.4,0.2
Chicharito,West Ham,mx,31,FW,175,73,14(11),1339,7,1,2,-,1.5,71.1,0.5,-,0.1,-,0.4,-,0.3,0.2,-,-,0.2,0.5,1.4,0.4,0.4,1.2,12.9,-,0.4,0.1
Jack Wilshere,West Ham,eng,27,M(CLR),172,68,4(4),389,-,1,2,-,0.3,89.8,0.3,-,0.9,0.9,0.9,-,-,0.5,0.1,-,0.6,1.9,1.5,-,0.9,0.4,27,-,1.9,-
Fabián Balbuena,West Ham,py,27,D(C),188,82,23,2014,1,-,2,-,0.8,79.4,3,1,1.7,2.3,0.8,0.6,7.5,1.1,0.6,-,0.1,-,0.2,-,0.1,0.2,36.2,-,2.2,-
Felipe Anderson,West Ham,br,26,"M(CLR),FW",175,70,36,3054,9,4,3,-,1.6,76,0.3,6,2.5,1.1,0.8,-,0.3,1.9,-,-,1.8,2.1,1.4,0.1,1.5,2.7,46.3,0.9,2.4,0.3
Aaron Cresswell,West Ham,eng,29,"D(CL),M(L)",170,66,18(2),1591,-,1,1,-,0.6,81.4,1.3,-,1.5,1.2,0.1,0.4,2.1,0.6,0.4,-,0.9,0.3,0.6,0.1,0.3,0.7,40.6,0.8,1.5,-
Xande Silva,West Ham,pt,22,Forward,177,69,0(1),17,-,-,-,-,2,75,1,-,-,-,-,-,-,-,-,-,1,-,-,-,1,-,4,-,-,-
Angelo Ogbonna,West Ham,it,31,D(C),191,86,20(4),1871,1,1,2,-,0.6,83.6,3.2,-,1.3,1.5,0.6,1,4.1,0.4,0.8,-,0.2,-,0.3,-,0.2,0.2,33.1,-,1.8,-
Manuel Lanzini,West Ham,ar,26,AM(CLR),167,59,8(2),689,1,1,2,-,1.1,89.6,0.3,-,1.2,0.9,0.5,-,0.7,1.3,0.1,-,0.5,1.3,0.7,-,1.2,1.5,45.2,0.2,0.9,-
Declan Rice,West Ham,eng,20,"D(C),DMC",185,76,34,3005,2,-,4,-,0.6,86.4,1.6,2,2.9,1.5,0.5,-,1.6,1.5,0.4,-,0.3,0.8,0.2,-,0.6,0.6,44.6,-,2.9,-
Lukasz Fabianski,West Ham,pl,34,GK,190,83,38,3420,-,-,-,-,-,49.7,0.3,1,-,-,-,-,0.7,0.1,-,-,0.1,0.1,0.2,-,-,-,28.2,-,8.5,-
Ryan Fredericks,West Ham,eng,26,"D(R),M(R)",181,74,12(3),1086,1,-,5,-,0.3,70.9,1.3,1,2.5,0.9,0.6,0.3,2.6,0.7,0.3,-,0.2,0.8,0.7,0.1,0.1,0.6,29.1,0.3,0.9,-
Issa Diop,West Ham,fr,22,D(C),194,92,33,2970,1,-,4,-,0.4,86,2.3,1,2.1,1.9,0.5,1.1,4.7,0.6,1.1,1,0.1,0.2,0.5,0.1,-,0.4,34.4,-,1.6,-
Michail Antonio,West Ham,eng,29,"D(R),M(CLR),FW",180,82,22(11),2101,6,4,3,-,2,68.1,2.4,2,0.7,0.5,1,0.1,0.6,0.2,0.1,-,0.7,1.8,1.3,0.3,2.1,2.5,20.2,0.2,0.8,0.1
Pablo Zabaleta,West Ham,ar,34,"D(R),DMC,M(R)",176,74,23(3),2092,-,1,4,-,0.3,76.7,1.8,-,1.8,1.8,0.7,0.3,3.3,1,0.6,-,0.3,0.5,1.2,-,0.5,0.7,33.1,0.3,1.4,-
Pedro Obiang,West Ham,es,27,DMC,185,75,12(12),1121,-,1,-,-,0.6,80,0.7,-,1.7,0.5,0.5,0.1,0.6,1,0.4,-,0.3,0.3,0.5,0.1,0.2,0.5,22.3,0.1,2,-
Arthur Masuaku,West Ham,cd,25,"D(L),M(L)",179,70,19(4),1758,-,1,2,-,0.2,83.3,0.9,1,2.5,1.6,0.7,0.7,2.4,1.1,0.3,-,0.6,1.6,0.2,-,1.2,1,38.3,0.2,2.2,-
Stefano Okaka,Watford,it,29,FW,186,82,0(2),22,-,-,1,-,1,71.4,0.5,-,-,-,0.5,-,-,-,-,-,1,0.5,0.5,-,0.5,0.5,7,-,-,-
Troy Deeney,Watford,eng,31,FW,183,90,28(4),2548,9,5,4,1,2,60.7,6.5,4,0.8,0.2,1.3,-,0.9,0.8,0.1,-,1.3,0.2,1.1,0.4,1.1,1.9,25.8,0.1,0.4,0.1
Marc Navarro,Watford,es,24,D(R),188,79,1(1),85,-,-,-,-,-,82.6,-,-,2,-,0.5,-,1,0.5,-,-,-,0.5,-,-,-,-,11.5,0.5,0.5,-
Ben Wilmot,Watford,eng,19,Defender,188,80,0(2),26,-,-,-,-,-,66.7,-,-,-,-,-,-,0.5,0.5,0.5,-,-,-,-,-,-,-,4.5,-,1.5,-
Andre Gray,Watford,eng,28,FW,178,83,13(16),1362,7,2,2,-,1.2,65.7,0.6,-,0.1,0.1,0.4,-,0.1,0.2,-,-,0.5,0.3,0.3,0.5,0.7,1.9,8.1,0.1,0.1,-
Tom Cleverley,Watford,eng,29,M(CLR),175,67,4(9),472,1,-,2,-,0.3,78.7,0.3,-,1.3,0.4,0.6,-,0.8,1.2,-,-,0.1,0.1,0.3,0.1,0.3,0.4,17,0.1,0.9,-
Abdoulaye Doucouré,Watford,fr,26,M(C),184,75,34(1),3062,5,6,7,-,1.5,83.5,1.2,-,2,1,1,-,1.5,1.1,0.2,1,1.1,0.9,0.4,0.1,1.2,1.7,55.4,0.1,1.7,0.1
Kiko Femenía,Watford,es,28,"D(R),M(R)",176,61,22(7),2046,1,1,1,-,0.2,83.1,0.4,-,1.7,1.2,0.4,0.2,2.2,0.9,0.2,-,0.4,0.4,0.5,0.1,0.4,0.7,31.9,0.5,1.1,-
Christian Kabasele,Watford,be,28,D(C),188,86,19(2),1587,-,-,2,1,0.4,73.9,2.9,1,1.2,1.8,1,1.1,5,0.6,0.8,-,0.1,-,0.7,-,-,0.3,26.2,-,2.1,-
Craig Cathcart,Watford,nir,30,D(CR),188,73,35(1),3099,3,-,2,-,0.4,81.5,2.4,2,1.4,1.1,0.4,1.1,5,0.4,0.8,2,-,0.1,0.2,-,0.1,0.3,35.5,-,2.7,-
Isaac Success,Watford,ng,23,"AM(LR),FW",186,86,9(21),1039,1,1,4,-,1,71.3,1,-,0.5,0.1,0.8,-,0.4,0.1,-,-,0.7,0.5,1.6,0.4,0.8,1.5,11.6,-,0.3,-
Gerard Deulofeu,Watford,es,25,"AM(LR),FW",177,73,26(4),2083,10,5,3,-,2,77.4,0.1,3,0.4,0.5,0.5,-,0.1,0.7,-,-,1,1.6,0.4,1.1,2,2.2,23.9,0.2,0.5,0.1
Daryl Janmaat,Watford,nl,29,"D(R),M(R)",185,80,17(1),1522,-,2,3,-,0.6,75.8,1.1,-,2,1.8,0.9,0.4,3.3,0.5,0.3,-,0.7,0.7,0.1,0.1,0.6,0.8,33.3,0.8,2.6,-
Miguel Britos,Watford,uy,33,D(CL),188,82,2(1),185,-,-,-,-,-,79.7,1.7,-,1.3,1,1,1.7,3.3,0.7,0.3,-,-,0.3,0.3,-,-,0.3,19.7,-,1.7,-
Sebastian Prödl,Watford,at,32,D(C),194,92,0(1),14,-,-,-,-,-,100,-,-,-,-,1,-,-,-,-,-,-,-,-,-,-,-,3,-,-,-
Etienne Capoue,Watford,fr,31,"D(C),M(CL)",189,80,33,2947,1,3,14,1,0.5,84.4,2,2,2.8,2.6,1.4,0.1,2.8,1.6,0.4,-,0.3,1,1.8,-,0.6,0.5,53,-,3.5,0.1
Domingos Quina,Watford,pt,19,DMC,179,72,3(5),335,1,-,-,-,0.6,85,0.3,-,1.1,0.4,0.9,-,0.1,1,-,-,0.3,0.6,0.8,-,0.6,0.9,28.4,0.1,1.9,-
Ben Foster,Watford,eng,36,GK,193,79,38,3420,-,-,1,-,-,44.8,0.5,1,0.1,0.1,0.1,-,1.2,0.1,-,-,0.1,-,0.2,-,-,-,30.3,-,9.6,-
Will Hughes,Watford,eng,24,M(CR),185,74,31(1),2436,2,4,5,-,1,76.4,0.7,-,2.3,0.8,1.7,-,0.7,1.1,0.2,-,0.9,0.8,2.2,-,1.6,1.8,30,0.1,0.5,-
José Holebas,Watford,gr,35,"D(L),M(L)",184,77,27(1),2394,3,6,12,1,0.6,68.5,2.2,-,2.4,0.8,1.2,0.4,2.9,0.9,0.3,-,1.4,0.8,0.5,0.1,0.9,1,29.8,1.5,1.6,-
Adam Masina,Watford,ma,25,"D(L),M(L)",189,78,11(3),1004,-,1,5,-,0.2,80.7,1.6,-,2.1,1.2,1.2,0.1,2.6,0.9,0.3,-,0.2,0.5,0.7,0.1,0.1,0.9,31.1,0.4,1.9,-
Adrian Mariappa,Watford,jm,32,D(CR),180,78,20(6),1924,-,-,3,-,0.3,82.3,2.3,1,1.3,1,0.7,0.7,4.5,0.6,0.6,-,0.2,-,0.2,-,0.2,0.2,34,-,2.2,-
Ken Sema,Watford,se,25,M(CLR),180,69,9(8),756,1,2,1,-,0.7,72.5,1.2,-,0.9,0.5,0.8,0.1,0.2,0.7,-,-,0.5,1.1,0.5,0.1,1.6,1.3,13.9,0.1,-,-
Nathaniel Chalobah,Watford,eng,24,DMC,187,80,3(6),267,-,-,2,-,0.2,75,0.4,-,0.3,0.6,0.6,-,0.8,0.6,0.1,-,0.1,-,0.3,-,0.3,0.9,12.4,0.1,0.4,-
Roberto Pereyra,Watford,ar,28,M(CLR),182,77,33,2825,6,1,3,-,1.7,83.2,0.1,1,0.6,0.7,0.8,-,0.6,0.5,-,-,1.1,1.2,1.1,0.1,2,2.5,34,0.2,1.4,-
Mamadou Sakho,Crystal Palace,fr,29,D(C),187,83,27,2417,-,-,2,-,0.1,88.6,1.9,-,0.9,1.5,0.2,0.6,4.9,0.3,0.6,-,0.2,0.3,0.5,-,0.2,0.4,48.9,-,2.2,-
Patrick van Aanholt,Crystal Palace,nl,28,"D(L),M(L)",176,74,36,3198,3,2,3,-,1.3,79.8,0.3,-,1.3,1.1,0.3,0.2,2.3,0.4,0.3,-,1,0.6,0.4,0.3,0.4,1,44.7,0.3,1.9,0.1
Bakary Sako,Crystal Palace,ml,31,"M(L),FW",183,85,0(4),26,-,-,-,-,-,80,-,-,0.5,-,0.3,-,-,-,-,-,-,-,-,0.3,0.5,0.5,2.5,-,0.3,-
Vicente Guaita,Crystal Palace,es,32,GK,190,81,20,1755,-,-,2,-,-,42.5,0.4,2,-,-,0.1,-,1,-,-,-,-,-,0.3,-,-,-,25,-,6.3,-
Jeffrey Schlupp,Crystal Palace,gh,26,"D(L),M(CL)",178,72,18(12),1667,4,1,1,-,0.9,75.9,1.8,1,1.4,0.6,0.8,-,0.7,0.6,0.3,-,0.5,0.7,0.5,-,0.8,1,21,0.1,0.5,-
Max Meyer,Crystal Palace,de,23,"M(CL),FW",173,67,15(14),1415,1,2,3,-,1.3,83.9,0.1,-,1.1,0.5,0.3,-,0.6,0.3,-,-,0.8,0.4,0.6,-,0.7,1,22.9,0.1,0.6,-
Pape Souaré,Crystal Palace,sn,29,"D(L),M(L)",178,69,0(1),1,-,-,-,-,-,100,-,-,-,1,-,-,-,-,-,-,-,-,1,-,-,-,3,-,1,-
James Tomkins,Crystal Palace,eng,30,D(CR),192,74,29,2563,1,1,6,-,0.8,83,3.1,-,1.2,1.2,0.6,0.6,6.2,0.4,0.3,-,0.2,0.1,0.4,-,0.1,0.3,38.3,-,4.3,-
James McArthur,Crystal Palace,sct,31,M(CLR),178,75,36(2),3072,3,6,7,-,0.9,79.3,1.3,1,2.2,1,1.6,0.1,1.2,1.3,0.6,-,0.8,0.5,1,0.1,0.9,1.4,36.8,0.1,1.7,0.1
Scott Dann,Crystal Palace,eng,32,D(C),188,76,7(3),661,-,1,1,-,0.6,72.7,2.6,-,0.6,0.5,0.4,0.3,4.4,0.4,1.2,-,0.2,0.3,-,-,0.1,0.1,26.4,-,1.4,-
Jordan Ayew,Crystal Palace,gh,27,"AM(CLR),FW",182,80,14(6),1187,1,2,3,-,1.4,77.7,1.6,1,1.9,0.4,1.6,-,0.3,0.7,-,-,0.8,0.6,1.3,0.5,1.6,2.4,13.3,-,0.3,-
Michy Batshuayi,Crystal Palace,be,25,FW,184,74,9(2),757,5,-,-,-,2.5,65,1.1,-,0.2,0.3,0.6,-,-,0.1,0.3,-,0.2,0.8,0.2,1.1,1.1,1.5,14.8,-,0.7,-
Connor Wickham,Crystal Palace,eng,26,"AM(L),FW",191,90,0(6),61,-,1,-,-,0.8,45.5,1.2,-,-,-,0.5,-,0.3,-,-,-,0.7,-,-,-,0.3,0.7,1.8,-,-,-
Luka Milivojevic,Crystal Palace,rs,28,DMC,186,80,38,3420,12,2,10,-,1.5,80,1.4,2,2.4,1.9,1.6,-,1.7,1.4,0.4,-,1.6,0.3,1,-,0.5,0.7,52.3,1.4,3.4,-
Jason Puncheon,Crystal Palace,eng,33,M(CLR),173,70,0(5),11,-,-,-,-,-,75,-,-,0.2,-,0.6,-,-,-,-,-,-,-,-,-,0.2,-,2.4,-,-,-
Christian Benteke,Crystal Palace,be,28,FW,190,83,9(7),813,1,1,1,-,1.6,56.9,5.6,1,0.3,-,1.1,-,0.9,0.2,0.1,-,0.6,0.3,0.6,0.6,0.9,1.7,14.9,-,0.4,-
Wilfried Zaha,Crystal Palace,ci,26,"AM(LR),FW",180,66,34,3041,10,5,8,1,2.1,77.3,0.3,6,1.1,0.3,1.3,-,-,0.6,-,-,1.6,3.4,3,0.5,4.2,3.6,29.6,0.3,0.7,0.1
Luke Dreher,Crystal Palace,eng,20,Midfielder,184,76,0(1),1,-,-,-,-,-,100,-,-,-,-,-,-,-,-,-,-,-,-,-,-,-,-,3,-,-,-
Aaron Wan-Bissaka,Crystal Palace,eng,21,D(R),183,72,35,3135,-,3,4,1,0.3,73,1.2,3,3.7,2.4,0.7,0.3,3.7,0.3,0.5,-,0.4,1.7,0.5,0.1,1.1,1.2,33.3,0.3,1,-
Cheikhou Kouyaté,Crystal Palace,sn,29,"D(CR),DMC",189,83,21(10),1897,-,2,3,-,0.6,80.1,2.1,-,1.9,0.5,1.1,0.1,1,0.8,0.4,-,0.5,0.4,0.5,0.1,0.7,0.8,24.7,-,0.6,-
Julian Speroni,Crystal Palace,ar,40,GK,186,87,1,90,-,-,-,-,-,37.5,1,-,-,-,-,-,1,-,-,-,-,-,-,-,-,2,32,-,10,-
Alexander Sørloth,Crystal Palace,no,23,FW,193,90,0(12),173,-,-,-,-,0.3,64.4,1.5,-,0.2,-,0.3,-,0.3,0.1,-,-,0.3,0.2,0.2,-,0.3,0.5,4.9,-,-,-
Martin Kelly,Crystal Palace,eng,29,D(CLR),191,77,12(1),1111,-,-,2,-,0.2,75.4,2.7,-,1.6,0.8,0.5,0.2,6.5,0.4,0.9,1,0.1,-,0.1,-,0.1,0.4,27.5,0.1,2.8,-
Andros Townsend,Crystal Palace,eng,27,"AM(LR),FW",181,77,34(4),3018,6,4,1,-,1.7,78.8,0.1,2,1.6,1,0.3,-,0.4,1.4,0.1,-,1.6,1.5,1.5,0.2,2,2.1,27,1,0.8,-
Wayne Hennessey,Crystal Palace,wls,32,GK,198,90,17(1),1576,-,-,-,-,-,46.7,0.6,1,-,-,-,-,0.9,0.1,-,-,-,-,0.1,-,-,0.1,25,-,6.5,-
Joel Ward,Crystal Palace,eng,29,"D(LR),DMC,M(R)",188,83,6(1),551,1,-,1,-,0.3,72.6,2.6,-,1.7,1.4,1.1,0.1,4.4,1,-,-,0.3,0.1,0.9,0.1,0.6,0.7,27.1,-,1.3,-
Jamaal Lascelles,Newcastle United,eng,25,D(C),188,89,32,2748,-,1,4,-,0.3,76.7,2.9,-,1,1.2,0.5,0.5,6.6,0.1,0.9,-,0.1,-,0.3,-,0.2,0.3,34.5,-,2.3,-
Matt Ritchie,Newcastle United,sct,29,"D(L),M(CLR)",172,76,35(1),2940,2,8,9,-,1.1,73.1,1,1,1.9,1.4,1.5,0.1,1.7,0.8,0.3,-,1.7,0.4,1.1,-,0.5,1.3,30.5,1.9,1.6,-
Martin Dubravka,Newcastle United,sk,30,GK,190,80,38,3420,-,-,1,-,-,53.4,0.4,1,0.1,-,-,-,0.9,0.1,-,-,-,-,0.1,-,-,-,27.2,-,7.4,-
Jacob Murphy,Newcastle United,eng,24,AM(LR),179,74,3(6),300,-,1,-,-,0.2,65.9,0.4,-,0.7,0.1,0.4,-,0.7,0.2,0.2,-,0.1,0.3,-,0.1,0.3,1.1,4.9,0.3,0.4,-
Isaac Hayden,Newcastle United,eng,24,DMC,185,79,21(4),1864,1,4,3,1,0.9,79.4,2.2,2,2.9,1.6,1.3,0.1,1.1,0.7,0.2,-,0.9,0.5,0.6,-,1,1.3,28.8,0.2,1,0.1
Joselu,Newcastle United,es,29,FW,192,80,5(11),587,2,-,1,-,1.1,62,2.7,-,0.9,0.2,0.3,-,0.9,0.3,-,-,0.1,0.1,0.4,0.3,1,1.1,13,-,0.3,0.1
Jonjo Shelvey,Newcastle United,eng,27,M(C),184,80,10(6),944,1,1,1,-,1.4,71,0.9,-,1.4,0.4,1,-,0.8,0.6,0.2,-,1.6,0.6,0.3,-,0.3,0.5,39.3,0.9,5.4,0.1
Salomón Rondón,Newcastle United,ve,29,FW,186,98,30(2),2609,11,7,1,-,2.8,69.9,4.6,1,0.3,0.2,0.7,-,1.2,0.6,0.1,-,1,0.6,0.8,0.6,2.4,3.1,23,0.1,0.3,0.1
Yoshinori Muto,Newcastle United,jp,26,FW,178,72,5(12),519,1,-,1,-,0.4,70.8,0.6,-,0.5,0.4,0.8,-,0.2,0.3,-,-,0.3,0.5,0.6,0.1,0.7,0.9,6.6,-,0.1,-
Kenedy,Newcastle United,br,23,"D(L),M(L)",182,77,14(11),1345,1,1,1,-,1.2,72.3,0.3,1,1.2,1.3,0.8,-,0.8,0.7,-,-,0.4,1.2,0.9,0.2,1.6,1.7,18.5,0.4,0.7,-
Fabian Schär,Newcastle United,ch,27,D(C),188,84,22(2),2004,4,1,12,-,1,68.1,2.7,6,2.5,2.8,1.2,0.4,5.7,1.1,0.7,-,0.5,0.6,0.8,-,0.4,0.5,41.4,0.1,5.6,-
DeAndre Yedlin,Newcastle United,us,26,"D(R),M(R)",172,75,28(1),2475,1,2,6,1,0.4,71.6,1,-,1.9,1,1.4,0.2,2.4,0.8,0.3,1,1,0.3,0.4,0.1,0.3,1.2,25.2,0.6,0.9,-
Ki Sung-yueng,Newcastle United,kr,30,DMC,189,75,14(4),1302,-,1,2,-,0.5,85.1,0.8,-,0.8,1.1,0.6,-,1.1,0.5,0.1,-,0.9,0.3,0.9,-,0.6,0.7,33.2,0.8,2.9,-
Ayoze Pérez,Newcastle United,es,25,"AM(CLR),FW",178,72,34(3),2928,12,2,2,-,1.5,75.9,0.7,3,1.6,1.1,1.2,-,0.8,1.2,0.1,-,1.2,1.2,1.1,0.2,2.1,2.7,21.1,0.1,0.7,0.1
Christian Atsu,Newcastle United,gh,27,AM(CLR),165,65,15(13),1488,1,-,2,-,1,82.2,0.4,-,0.9,0.3,0.5,-,0.5,0.4,0.1,-,0.6,0.9,0.9,0.1,1.1,1.7,13.7,0.3,0.4,-
Miguel Almirón,Newcastle United,py,25,"AM(CL),FW",174,70,9(1),763,-,-,-,-,1.9,74.7,0.1,-,2,0.8,0.6,-,0.4,0.6,0.1,-,1.3,0.7,1.7,0.4,0.6,2.2,24.1,0.7,0.8,0.1
Sean Longstaff,Newcastle United,eng,21,M(C),180,65,8(1),688,1,-,2,-,0.9,80.9,1,-,1.9,1.1,0.8,-,0.8,1.7,0.4,-,0.6,0.6,0.9,-,0.7,0.4,32.6,0.2,3.3,-
Javier Manquillo,Newcastle United,es,25,"D(LR),M(R)",178,76,12(6),1100,-,3,2,-,0.1,69.9,1.1,-,1.5,0.9,0.7,0.1,2.7,0.3,0.1,-,0.5,0.3,0.4,0.1,0.5,1.2,19.6,0.2,0.7,-
Federico Fernández,Newcastle United,ar,30,D(C),190,83,17(2),1484,-,1,2,-,0.2,78.9,2,-,0.8,1.3,0.6,0.3,5.4,0.4,0.6,-,0.3,-,0.4,0.1,0.2,0.4,32.2,0.1,3.8,-
Antonio Barreca,Newcastle United,it,24,D(L),183,70,0(1),4,-,-,-,-,-,50,-,-,-,-,-,-,-,-,-,-,-,-,-,-,-,-,2,-,-,-
Florian Lejeune,Newcastle United,fr,28,D(C),189,89,12,1055,-,-,-,-,0.6,76.2,2.6,-,2.1,1.8,0.9,0.3,3.7,1.1,0.4,-,0.5,0.3,0.4,-,-,0.8,46.9,0.1,6.8,0.1
Paul Dummett,Newcastle United,wls,27,D(CL),183,82,21(5),1987,-,-,1,-,0.3,71.1,2.3,-,1.3,1.4,0.4,0.4,4.7,0.5,0.4,-,0.2,0.1,0.4,-,-,0.4,29.2,0.3,2,-
Ciaran Clark,Newcastle United,ie,29,D(CL),185,88,9(2),858,3,-,1,-,0.6,75,3.9,1,1.8,1.1,0.5,0.4,5.2,0.3,0.6,-,0.2,-,0.5,-,0.2,0.2,27.6,-,1.5,-
Mohamed Diamé,Newcastle United,sn,32,M(CLR),184,86,24(5),2166,-,-,3,-,0.7,77.2,1.2,-,2.7,1,1.2,-,1.2,1.3,0.3,-,0.1,0.6,0.7,-,1.3,1.1,25.3,-,1.3,-
Simon Francis,Bournemouth,eng,34,D(CR),183,90,13(4),1230,-,2,1,-,0.2,73.3,2.8,-,1.5,1.1,0.6,0.2,3.9,0.7,0.4,-,0.6,0.3,0.5,0.2,0.4,0.8,38.5,0.6,1.8,-
Mark Travers,Bournemouth,ie,20,Goalkeeper,0,0,2,180,-,-,-,-,-,65.1,-,-,-,-,-,-,1,-,-,-,-,-,-,-,-,-,21.5,-,3.5,-
Jack Simpson,Bournemouth,eng,22,D(C),178,83,4(2),403,-,-,-,-,0.3,82.2,2.3,-,1.5,1.5,0.5,0.7,3.7,0.5,0.7,1,-,-,0.2,-,0.3,0.2,39.3,-,1.3,-
Andrew Surman,Bournemouth,za,32,M(CL),178,73,16(2),1439,-,-,2,-,0.5,87,1.1,-,0.6,0.6,0.4,0.1,1.8,0.6,0.4,-,0.6,0.2,0.3,-,0.2,0.8,46.6,0.1,2.7,0.1
Steve Cook,Bournemouth,eng,28,D(C),185,82,31,2787,1,1,3,-,0.7,79.3,4.1,1,1.2,1.6,0.6,0.7,6.4,0.2,0.7,1,0.4,0.2,0.9,-,-,0.2,48.4,0.1,3.4,-
Emerson Hyndman,Bournemouth,us,23,M(CL),170,61,0(1),37,-,-,-,-,-,69.6,-,-,6,1,-,-,-,1,-,-,-,-,-,-,1,1,23,-,-,-
Sam Surridge,Bournemouth,eng,20,Forward,191,77,0(2),11,-,-,-,-,1,60,-,-,0.5,-,-,-,-,-,-,-,0.5,-,0.5,-,-,-,2.5,-,-,-
Jefferson Lerma,Bournemouth,co,24,"D(R),DMC",179,70,29(1),2511,2,-,12,-,1,83.2,2.5,-,1.5,1.8,1.4,-,2.8,1.3,0.6,1,0.5,0.7,1.7,0.1,0.7,0.8,52,0.1,2.3,0.1
Jordon Ibe,Bournemouth,eng,23,M(CLR),176,81,9(10),796,1,1,1,-,0.5,78,0.1,-,0.3,0.2,0.4,-,0.2,0.3,-,-,0.5,1.4,0.5,-,0.9,1.2,13.2,0.5,0.3,0.1
Adam Smith,Bournemouth,eng,28,"D(LR),M(R)",180,78,25,2073,1,1,5,1,0.3,82,1.1,-,1.8,1.2,0.7,0.2,2.3,0.9,0.3,-,0.4,0.8,1.7,-,0.4,1,34.9,0.2,0.9,-
Joshua King,Bournemouth,no,27,"AM(CLR),FW",180,74,34(1),2974,12,3,3,-,2.1,72,2.5,5,0.9,0.2,1.5,-,0.4,0.6,0.1,-,1.1,1.9,1.3,0.2,2.7,3.2,23,0.2,0.3,0.1
Lys Mousset,Bournemouth,fr,23,FW,184,80,1(23),351,1,-,1,-,0.5,71.9,0.4,-,0.1,-,0.3,-,0.1,0.1,-,-,0.2,0.4,0.2,0.2,0.2,0.8,5,-,-,-
Tyrone Mings,Bournemouth,eng,26,D(CL),191,77,2(3),142,-,-,-,-,-,83.9,0.6,-,0.8,1.2,-,0.2,1.6,0.2,0.4,-,0.2,0.4,0.2,-,0.2,0.4,17.4,0.2,0.4,-
Asmir Begovic,Bournemouth,ba,32,GK,199,101,24,2160,-,-,-,-,-,60.8,0.5,-,-,-,-,-,0.8,0.1,-,-,-,-,0.1,-,-,0.1,22.1,-,5.7,-
Diego Rico,Bournemouth,es,26,D(L),183,76,5(7),606,-,-,1,-,0.8,72.6,0.6,-,1.2,1.2,0.8,0.1,1.4,0.7,0.2,-,0.9,0.3,0.9,-,0.4,0.3,23.8,0.9,0.7,-
Dominic Solanke,Bournemouth,eng,21,FW,187,80,2(8),342,-,1,-,-,1.1,71.7,1.5,-,0.8,0.2,0.2,0.1,0.9,0.7,0.1,-,0.8,1,0.9,0.1,0.9,1.5,9.9,-,0.2,-
Junior Stanislas,Bournemouth,eng,29,M(CLR),183,76,11(12),1027,2,3,1,-,1.5,77.4,0.4,-,0.5,0.1,0.3,-,0.7,0.2,-,-,0.7,0.5,0.4,0.1,0.4,0.9,21.6,0.3,0.5,0.1
Artur Boruc,Bournemouth,pl,39,GK,193,87,12,1080,-,-,2,-,-,57,0.2,1,0.1,-,-,-,0.4,0.2,-,-,-,-,-,-,-,-,23.8,-,5.8,-
Nathaniel Clyne,Bournemouth,eng,28,"D(LR),M(R)",175,67,13(1),1146,-,1,2,-,0.1,75.2,0.4,-,2.4,1.1,0.6,0.1,1.9,0.9,0.2,-,0.3,0.3,0.2,-,0.7,0.6,32.8,0.3,1.1,0.1
Chris Mepham,Bournemouth,wls,21,D(C),191,84,10(3),850,-,1,1,-,0.2,79.8,2.4,-,0.7,1.1,0.5,0.4,4.4,0.3,0.4,-,0.2,0.2,0.3,-,0.2,0.4,31.2,-,1.3,-
Nathan Aké,Bournemouth,nl,24,"D(CL),DMC",180,75,38,3412,4,-,3,-,0.7,86,2.3,1,1.7,0.8,0.7,0.8,6.1,0.3,0.9,-,0.2,0.1,0.6,0.1,0.2,0.5,44.6,0.1,1.9,-
Callum Wilson,Bournemouth,eng,27,FW,180,66,29(1),2535,14,9,3,-,2.2,67.1,1.5,4,0.3,0.1,1.4,-,0.5,0.3,0.1,-,1,0.6,1.1,0.6,1.5,3.2,14.7,0.2,0.1,-
Dan Gosling,Bournemouth,eng,29,M(C),183,79,19(6),1738,2,1,8,-,0.8,79.6,1.4,-,2.3,0.8,1.2,-,1.8,1,0.4,-,0.4,0.5,1,0.1,0.8,0.8,38.8,-,1.9,0.1
Ryan Fraser,Bournemouth,sct,25,M(CLR),163,70,35(3),3173,7,14,2,-,1.3,76.9,0.3,5,0.5,0.6,0.2,-,0.5,0.6,0.2,-,2.4,0.6,1.8,0.3,0.7,1.4,31.4,2,0.7,0.1
David Brooks,Bournemouth,wls,22,AM(CR),173,62,29(1),2278,7,5,3,-,1.4,73.1,0.2,1,1.2,0.8,0.5,-,0.8,0.8,0.2,-,1,0.8,1.5,0.1,1.4,1.9,28.5,0.3,0.7,0.2
Jermain Defoe,Bournemouth,eng,36,"AM(R),FW",171,65,0(4),22,-,-,-,-,0.3,33.3,-,-,-,-,-,-,-,-,-,-,-,-,-,-,-,0.3,0.8,-,-,-
Charlie Daniels,Bournemouth,eng,32,"D(L),M(L)",178,75,17(4),1586,1,-,4,-,0.6,78.7,1.4,-,1.2,1,0.3,0.3,2,0.4,0.2,-,0.5,0.6,0.3,-,0.3,0.6,40,0.4,1.9,-
Lewis Cook,Bournemouth,eng,22,M(CL),175,71,8(5),722,-,-,2,-,0.3,83.2,0.4,-,1,0.6,0.9,-,0.5,0.8,0.2,-,0.2,0.8,0.4,-,0.7,0.9,30.2,-,1.8,0.1
Chris Wood,Burnley,nz,27,FW,191,81,29(9),2596,10,2,2,-,1.6,64.8,3.5,2,0.3,0.1,0.7,-,0.7,0.3,0.1,-,0.6,0.2,0.6,1.4,1.2,2.4,15.8,0.1,0.1,0.1
Joe Hart,Burnley,eng,32,GK,196,91,19,1710,-,-,-,-,-,45,0.2,-,-,-,-,-,0.8,0.1,-,-,0.1,-,-,-,-,0.1,29.7,-,10.8,-
Jeff Hendrick,Burnley,ie,27,M(CR),185,79,25(7),2071,3,-,4,-,0.6,75.3,0.5,1,0.8,0.4,0.5,-,0.8,0.7,0.2,-,0.4,0.4,0.4,0.3,0.9,1,20.6,0.1,0.7,-
Phil Bardsley,Burnley,sct,34,D(LR),180,74,19,1672,-,-,9,-,0.6,69,1.7,-,1.7,1.6,1.2,0.1,3.5,0.5,0.6,1,0.4,0.2,0.6,-,0.3,0.5,29.2,0.5,1.9,-
Jack Cork,Burnley,eng,30,DMC,183,70,37,3313,1,2,6,-,0.5,81.2,1.4,-,1.4,0.8,0.8,-,2.1,0.8,0.4,-,0.5,0.8,1,0.1,1,1.2,35.9,0.1,2.1,0.1
Sam Vokes,Burnley,wls,29,FW,186,90,10(10),916,3,-,-,-,1.1,50.7,6.3,-,0.2,-,0.7,-,0.9,-,0.1,-,0.4,0.2,0.5,0.4,0.7,1.4,13.4,-,0.1,-
Ben Gibson,Burnley,eng,26,D(CL),185,78,1,63,1,-,1,-,1,66.7,2,-,1,-,2,-,2,-,1,-,-,-,-,-,-,-,33,-,1,-
James Tarkowski,Burnley,eng,26,D(C),185,81,35,3087,3,1,8,-,0.6,69.5,4.8,3,2,1.2,1,0.3,6.7,0.6,1.6,-,0.1,0.2,0.9,0.1,0.3,0.7,32.4,-,3.1,-
Steven Defour,Burnley,be,31,DMC,173,65,6,452,-,-,-,-,-,81.5,-,-,1.3,1.3,0.2,-,1,1.8,0.5,-,0.3,0.2,0.3,-,0.2,0.2,41.5,-,4.2,-
Ashley Westwood,Burnley,eng,29,DMC,175,80,31(3),2822,2,7,5,-,0.6,76.4,0.6,1,1.7,1.4,0.9,-,1.2,0.7,0.3,-,1.2,0.2,0.6,-,0.5,0.9,41.7,0.9,3,0.1
Ashley Barnes,Burnley,eng,29,"AM(CL),FW",186,77,26(11),2388,12,2,8,-,1.8,59.1,3.6,2,0.8,0.1,1.5,-,0.6,0.6,0.2,1,0.6,0.2,1.8,0.6,1.1,2.3,14,-,0.4,0.1
Robbie Brady,Burnley,ie,27,"D(L),M(CLR)",176,71,6(10),718,-,1,3,1,0.8,62.3,0.7,-,0.9,0.4,0.8,-,0.9,0.7,0.1,-,0.9,0.4,0.3,-,0.6,0.8,13.9,0.7,0.6,0.1
Matej Vydra,Burnley,cz,27,"AM(CL),FW",180,71,3(10),313,1,1,1,-,0.5,64.4,0.4,-,0.2,0.1,0.5,-,0.5,0.2,0.1,-,0.2,0.2,0.1,0.2,0.6,1.4,5.6,-,0.1,-
Dwight McNeil,Burnley,eng,19,M(L),0,0,19(2),1599,3,5,2,-,1.3,75.7,1,2,1.7,0.6,0.7,-,1.5,1.5,0.1,-,1.2,1.5,0.5,-,1.1,1.5,21.6,1.6,0.9,-
Ben Mee,Burnley,eng,29,D(CL),180,74,38,3420,-,2,9,-,0.6,74.9,3.9,1,1.4,1.3,0.7,0.5,6.1,0.2,1.3,2,0.2,0.2,0.5,-,0.1,0.4,39.5,0.1,4.7,-
Aaron Lennon,Burnley,eng,32,M(LR),165,63,14(2),1217,1,1,1,-,0.3,78.8,0.1,1,1.6,0.6,0.8,-,0.8,0.5,-,-,0.4,0.4,1,-,0.8,0.9,17.4,0.2,0.3,-
Peter Crouch,Burnley,eng,38,FW,201,75,0(6),86,-,-,1,-,0.8,39.3,3,-,0.2,-,0.5,-,0.3,-,-,-,-,-,-,-,-,0.5,4.7,-,-,-
Stephen Ward,Burnley,ie,33,D(L),184,82,3,230,-,-,1,-,0.3,74.3,1.3,-,1.3,1.3,0.7,0.3,4,1,0.3,-,0.3,0.7,1,-,-,-,37.7,-,0.7,-
Kevin Long,Burnley,ie,28,D(C),188,83,5(1),513,-,1,-,-,0.2,81,3.3,-,3,1.2,0.5,0.5,5.7,1.7,0.8,-,0.2,0.2,0.8,-,0.2,-,28,-,3.5,-
Charlie Taylor,Burnley,eng,25,"D(L),M(L)",176,70,35(3),3240,-,1,2,-,0.2,72.5,1.9,-,1.4,1.1,0.4,0.3,2.2,0.7,0.9,-,0.3,1.1,1.3,-,0.4,1,30.9,0.6,2.2,-
Matthew Lowton,Burnley,eng,30,"D(LR),M(R)",180,78,19(2),1748,-,-,7,-,0.2,69,1.2,-,2.7,1.4,1,0.1,3.4,1.3,0.3,-,0.4,0.6,0.6,-,0.5,0.3,30.4,0.3,3.4,-
Johann Gudmundsson,Burnley,is,28,AM(CLR),186,78,19(10),1749,3,6,2,-,1.1,72.5,1.1,2,0.9,1.1,0.3,-,1.1,0.6,0.1,-,1.3,0.6,0.8,0.1,1,1.4,16.9,1.3,0.6,-
Tom Heaton,Burnley,eng,33,GK,188,85,19,1710,-,-,3,-,0.1,46.2,0.2,-,-,-,0.1,-,0.7,0.1,-,-,0.1,0.1,0.1,-,-,-,28.5,-,9.9,-
Danny Ings,Southampton,eng,26,"AM(C),FW",178,73,23(1),1668,7,3,1,-,2.3,71.4,0.8,-,1.3,0.2,0.7,-,0.3,0.7,0.1,-,1.2,0.8,0.9,0.3,1.2,2.3,16.3,-,0.5,0.2
Tyreke Johnson,Southampton,eng,20,Midfielder,0,0,0(1),1,-,-,-,-,-,-,-,-,-,-,-,-,-,-,-,-,-,-,-,-,-,-,-,-,-,-
Pierre-Emile Højbjerg,Southampton,dk,23,M(C),185,84,31,2764,4,3,7,2,1.7,82.9,1.5,2,2.3,1.9,1.5,0.1,0.9,1.6,0.3,-,0.9,0.7,1.5,-,1.5,1.8,57.8,0.3,3.5,0.1
Fraser Forster,Southampton,eng,31,GK,201,93,1,90,-,-,-,-,-,31.6,-,-,-,-,-,-,1,-,-,-,-,-,-,-,-,-,19,-,5,-
Callum Slattery,Southampton,eng,20,Midfielder,0,0,1(2),110,-,-,-,-,0.3,71,1,-,1.3,0.7,1.3,-,0.3,1.3,0.3,-,-,0.3,1,-,0.7,1.3,10.3,-,0.3,-
Angus Gunn,Southampton,eng,23,GK,196,77,12,1080,-,-,-,-,-,35.3,0.3,1,-,-,-,-,0.9,-,-,-,-,-,0.2,-,-,-,24.1,-,6.2,-
Josh Sims,Southampton,eng,22,AM(R),174,67,2(5),210,-,1,-,-,0.7,72.7,0.1,-,0.1,0.1,0.1,-,0.1,0.3,-,-,0.1,0.6,0.7,0.1,1,0.6,6.3,-,0.1,-
Jan Bednarek,Southampton,pl,23,D(C),189,77,24(1),2151,-,1,7,-,0.2,70.5,3.2,3,1.6,2.8,0.9,0.8,6.7,0.6,1.1,-,0.4,-,0.2,-,0.2,0.2,32.8,-,1.7,0.1
Nathan Redmond,Southampton,eng,25,"AM(CLR),FW",173,69,36(2),3278,6,4,3,-,1.9,75.4,0.7,3,1.2,0.5,0.8,-,0.6,0.7,0.1,-,1.4,2.4,0.7,0.4,2.1,2.2,29.6,0.6,1.3,-
Stuart Armstrong,Southampton,sct,27,AM(CL),183,75,16(13),1433,3,2,2,-,1.1,78.6,0.6,-,1,0.4,0.7,-,0.4,1.2,-,-,1,0.7,0.7,0.1,0.9,1.4,21.1,0.1,0.7,-
Yan Valery,Southampton,fr,20,"D(R),M(R)",180,85,20(3),1715,2,1,3,1,0.3,61.9,1.8,-,1.8,1,1.2,0.3,2.5,0.6,0.1,-,0.3,1,0.3,0.1,1.3,1.4,17.3,0.3,0.6,-
Wesley Hoedt,Southampton,nl,25,D(C),188,77,13,1170,-,-,2,-,0.5,78.6,2.5,-,2.2,1.8,1.2,0.7,5.8,0.7,1,2,0.1,0.5,1.2,-,0.4,0.2,47.8,-,4.4,-
Matt Targett,Southampton,eng,23,"D(L),M(L)",183,70,13(3),1187,1,3,2,-,0.7,69.9,1.1,-,1.7,1.7,0.4,0.3,1.9,0.9,0.2,-,1.4,0.1,0.6,0.1,0.4,0.4,27.6,1.4,1.4,0.1
Alex McCarthy,Southampton,eng,29,GK,193,79,25,2250,-,-,1,-,-,45,0.6,1,-,-,-,-,0.9,-,-,-,-,-,0.1,-,-,-,23.4,-,5.6,-
Mohamed Elyounoussi,Southampton,no,24,AM(LR),178,70,8(8),791,-,-,-,-,1.3,73.4,0.6,-,1,0.4,0.6,-,0.3,0.8,0.1,-,0.9,0.7,0.8,0.1,0.5,0.9,13.9,0.8,0.5,0.1
Steven Davis,Southampton,nir,34,M(CLR),173,70,1(2),97,-,1,-,-,-,94.1,0.3,-,0.7,0.3,0.7,-,1.7,-,-,-,1,-,-,-,-,0.3,22.7,0.3,1.3,0.3
Michael Obafemi,Southampton,ie,19,Forward,169,71,1(5),136,1,1,1,-,1.2,66.7,-,-,0.2,0.2,0.3,-,-,-,0.2,-,0.3,0.5,0.5,0.2,0.3,0.8,3,0.2,-,-
James Ward-Prowse,Southampton,eng,24,M(CR),173,66,21(5),1942,7,-,4,-,1.2,76.5,0.8,-,1.4,1,0.8,-,2,1.1,0.2,1,1.8,0.2,0.4,0.1,0.6,1,27.7,1.5,1,-
Shane Long,Southampton,ie,32,"AM(R),FW",178,81,12(14),1271,5,1,3,-,1.2,64.6,2.8,1,0.6,0.3,1,-,0.7,0.5,-,-,0.5,0.2,0.9,0.5,0.8,2,11.7,-,-,-
Mario Lemina,Southampton,ga,25,DMC,184,85,18(3),1616,1,1,5,-,1.2,86,1.4,-,2.3,2,1.5,-,1.4,0.9,0.1,-,0.6,1.1,1.1,-,1.5,1.2,38.6,0.1,2.1,-
Charlie Austin,Southampton,eng,30,FW,188,84,11(14),981,2,2,1,-,1.3,58.6,1.7,-,0.5,0.1,0.6,-,0.5,0.2,0.1,-,0.4,-,0.7,0.4,0.7,1.2,7.9,-,0.2,-
Jack Stephens,Southampton,eng,25,D(C),185,75,19(5),1699,1,-,4,-,0.3,75,2.3,1,1,1.5,0.5,0.3,3.9,0.5,0.5,-,0.2,0.2,0.3,-,0.2,0.4,32,-,2.4,-
Ryan Bertrand,Southampton,eng,29,"D(CL),M(L)",179,85,24,2160,1,-,8,-,0.7,75.5,1.6,-,1.9,1.2,1.1,0.1,1.8,0.6,0.2,-,1,0.3,0.9,-,0.3,1.3,32.3,0.9,0.8,0.1
Sam Gallagher,Southampton,sct,23,"AM(L),FW",194,75,0(4),32,-,-,-,-,-,16.7,0.8,-,-,-,1,-,0.3,-,-,-,-,-,0.3,-,0.5,0.3,1.5,-,-,-
Cédric Soares,Southampton,pt,27,"D(R),M(R)",172,67,16(2),1494,1,2,4,-,0.6,73.1,1.3,-,1.2,1.2,0.5,0.1,2.8,0.3,0.3,-,0.7,0.4,0.3,0.1,0.6,0.8,33.1,0.8,1.7,-
Jannik Vestergaard,Southampton,dk,26,D(C),199,96,23,2030,-,-,2,-,0.6,76.9,3.7,-,2.3,1.5,0.7,0.9,7.4,0.7,0.9,-,0.2,0.4,0.6,-,0.2,0.4,36.7,-,2.3,0.1
Oriol Romeu,Southampton,es,27,DMC,183,83,25(6),2142,1,-,11,-,0.3,79.3,1.5,1,2.6,1.7,1.5,0.1,1.2,1.5,0.5,-,0.3,0.5,0.5,-,0.5,0.6,35.5,-,1.8,-
Kayne Ramsay,Southampton,,18,Defender,0,0,1,90,-,-,-,-,-,71.4,2,-,-,-,-,-,7,-,-,-,-,-,-,-,-,-,14,-,-,-
Manolo Gabbiadini,Southampton,it,27,"AM(CLR),FW",181,72,4(8),471,1,-,-,-,1.7,67.8,0.7,1,0.5,0.3,0.8,-,0.4,0.1,-,-,0.4,0.2,0.7,0.1,0.3,0.4,10.1,0.1,0.1,-
Maya Yoshida,Southampton,jp,30,D(CR),189,78,17,1520,-,1,-,-,0.8,75.7,2.1,-,0.9,2.5,0.2,0.6,5.9,0.5,1.2,-,0.3,0.1,0.4,0.1,-,0.4,32.7,-,2.4,-
Anthony Knockaert,Brighton,fr,27,AM(LR),172,69,18(12),1833,2,6,4,1,0.9,76.9,0.5,-,1.1,1,0.7,-,0.2,0.6,-,-,1.2,1,0.6,0.1,1,1.7,20.5,1.3,1.3,-
Davy Pröpper,Brighton,nl,27,M(C),185,79,30,2551,1,1,2,-,0.5,80,1.2,1,1.7,1.8,1.1,-,1.1,1.2,0.2,-,0.6,1,0.6,-,0.8,1.5,40.4,0.1,2.5,0.1
Alireza Jahanbakhsh,Brighton,ir,25,AM(CLR),180,76,12(7),1022,-,-,2,-,1.1,69.3,0.6,-,1.7,0.6,1,-,0.1,1,-,-,0.3,0.6,0.4,0.3,1.1,1.5,14.6,0.3,0.6,-
Bernardo,Brighton,br,24,D(LR),186,76,19(3),1751,-,1,4,-,0.4,72.7,2,-,2.8,1.5,0.8,0.2,3,0.6,0.6,-,0.5,0.6,1,0.1,0.5,1.2,35.7,0.3,1,-
Dale Stephens,Brighton,eng,30,M(C),169,71,29(1),2487,1,1,6,1,0.4,83.7,0.9,1,2.8,1.5,1.5,-,1.5,1.5,0.4,-,0.6,0.2,0.3,-,0.5,0.9,45.1,-,4.1,-
Pascal Groß,Brighton,de,28,M(C),181,78,24(1),1878,3,3,1,-,1,75.6,0.7,1,1.1,0.5,0.4,-,0.9,1,0.3,-,2.2,0.2,0.5,0.2,0.8,1.4,32.4,1.8,2.1,-
Beram Kayal,Brighton,il,31,DMC,178,74,9(9),937,1,1,4,-,0.3,71.2,0.9,1,1.6,0.8,1,-,1.4,0.9,0.6,-,0.2,0.6,0.4,-,0.6,0.7,15.1,0.1,0.5,-
David Button,Brighton,eng,30,GK,191,87,4,360,-,-,-,-,-,37.4,0.3,1,-,-,-,-,1,-,-,-,-,-,-,-,-,-,24.8,-,6.8,-
Solly March,Brighton,eng,24,AM(CLR),180,88,30(5),2475,1,5,1,-,1.2,70.6,0.5,-,1.6,0.8,0.8,-,0.7,0.7,0.1,-,1.2,1.4,0.9,0.2,1.2,1.3,21.6,1.3,0.9,-
Jürgen Locadia,Brighton,nl,25,"AM(LR),FW",185,87,12(14),1230,2,-,1,-,1.1,72.8,0.9,-,0.6,0.3,0.8,-,0.3,0.2,-,-,0.5,0.2,0.4,0.4,0.6,1.6,12.7,0.2,0.7,-
Florin Andone,Brighton,ro,26,FW,180,78,8(15),876,3,-,5,-,0.8,67.3,1.6,-,0.4,0.1,1.2,-,0.5,0.2,-,-,0.1,0.4,0.9,0.2,1.4,2.1,7.2,0.1,0.1,-
Martín Montoya,Brighton,es,28,D(LR),175,73,24(1),2166,-,1,4,-,0.3,80,1,-,2.3,1.9,1.2,0.3,2.5,0.9,0.4,-,0.7,0.5,0.6,-,0.4,0.8,34.3,0.6,1.5,-
Mat Ryan,Brighton,au,27,GK,184,82,34,3060,-,-,2,-,-,50.1,0.3,-,-,-,-,-,0.6,-,-,-,-,-,0.1,-,-,-,27.2,-,9.7,-
Bruno,Brighton,es,38,"D(R),M(R)",181,76,14,1136,-,1,2,-,0.1,82.4,0.6,-,1.8,0.8,0.3,0.1,1.9,0.3,0.1,-,0.4,0.3,0.6,0.2,0.1,0.3,36.4,0.4,1.6,-
Gaëtan Bong,Brighton,cm,31,D(L),187,74,19(3),1805,-,-,-,-,0.1,74.3,1.1,-,0.7,1.1,0.5,0.2,2,0.2,0.3,-,0.4,0.5,0.2,-,0.7,0.8,27.4,0.4,1.1,-
Leon Balogun,Brighton,ng,31,D(CR),190,88,5(3),591,1,-,2,-,0.1,75.9,1.6,-,1.5,2.1,0.6,0.3,4,0.1,0.4,-,-,-,0.3,0.1,0.3,1.1,27,-,1.9,-
José Izquierdo,Brighton,co,27,AM(L),171,73,9(6),794,-,1,1,-,1,74.6,0.2,-,1,0.3,0.4,-,0.5,0.7,0.1,-,0.4,0.9,0.3,0.3,0.8,1.2,13.7,0.1,0.3,-
Lewis Dunk,Brighton,eng,27,D(C),192,88,36,3153,2,1,5,1,0.6,82.8,3.3,1,1.2,1.3,0.6,0.3,5.4,0.6,1.1,-,0.3,-,0.4,-,0.1,0.4,41.4,-,4.5,-
Shane Duffy,Brighton,ie,27,D(C),193,76,35,3088,5,1,4,1,1.1,75.2,5.3,6,1,1,0.6,0.1,6.9,0.3,1.3,-,0.2,0.1,0.3,0.1,0.1,0.5,37.3,-,3.1,-
Glenn Murray,Brighton,eng,35,FW,183,80,30(8),2513,13,1,5,-,1.4,58.3,4.6,3,0.4,0.1,2.1,0.1,0.4,0.4,0.1,-,0.3,0.2,1.4,1,0.9,2.2,15.9,-,0.2,-
Yves Bissouma,Brighton,ml,22,M(C),182,80,17(11),1771,-,-,5,-,1.1,81.8,1,1,2.2,1.2,1.4,-,0.9,0.6,0.2,-,0.5,1.7,0.9,0.1,1.1,1.5,25.5,0.1,0.9,-
Aron Gunnarsson,Cardiff,is,30,M(C),178,70,27(1),2275,1,1,5,-,0.7,71.6,1.7,-,1.8,1.4,0.9,-,1.9,2.2,0.4,-,0.6,0.4,1.1,-,0.3,0.9,26.8,0.1,1.5,-
Lee Peltier,Cardiff,eng,32,"D(CLR),DMC,M(R)",178,73,17(3),1543,-,-,4,-,0.1,60.2,1.5,-,2,0.9,0.8,0.2,2.7,0.6,0.6,-,0.1,0.2,0.3,-,0.2,0.4,17.1,0.2,1.1,-
Bobby De Cordova-Reid,Cardiff,eng,26,"M(C),FW",170,68,16(11),1423,5,2,-,-,1,71.4,0.4,1,0.6,0.1,0.2,-,0.4,0.2,-,-,0.6,0.6,1,0.4,1.1,1.5,11.5,0.1,0.2,-
David Junior Hoilett,Cardiff,ca,29,"M(CLR),FW",173,70,23(9),2143,3,1,4,-,1.3,71.6,0.6,-,1.3,1,1.1,-,0.8,1.2,-,-,0.8,0.7,1.2,0.3,1.2,1.6,13.8,0.6,0.5,-
Leandro Bacuna,Cardiff,nl,27,"D(LR),M(CLR)",187,77,4(7),554,-,-,2,-,0.5,66.9,0.6,-,1.4,1.4,1.2,-,0.8,1.3,0.2,-,0.1,0.5,0.3,-,0.5,1,13.2,0.2,0.8,-
Nathaniel Mendez-Laing,Cardiff,eng,27,AM(R),180,77,11(9),987,4,1,-,-,1,62,1.2,-,1.7,0.7,0.4,-,0.7,0.7,0.1,-,1,1.5,0.2,0.2,1,1.3,12.8,0.5,0.3,0.1
Sean Morrison,Cardiff,eng,28,D(C),193,89,34,3040,1,3,6,-,1,62.8,6.6,1,1,1.5,0.9,0.3,5.9,0.4,0.9,-,0.6,0.2,0.6,0.3,0.3,0.4,21.7,-,1.1,-
Sol Bamba,Cardiff,ci,34,"D(C),DMC",190,90,28,2477,4,1,7,-,0.8,69.1,3.4,3,2.6,2.9,1.3,0.2,6.3,0.9,1.1,-,0.1,0.5,0.4,0.1,0.4,0.7,19.6,-,1.6,-
Oumar Niasse,Cardiff,sn,29,FW,182,75,12(1),940,-,-,-,-,1.3,64.7,2.9,-,0.9,0.2,0.6,-,0.5,0.3,-,-,0.4,1.5,1.3,0.7,2.9,4.4,12.8,-,0.2,-
Bruno Ecuele Manga,Cardiff,ga,30,D(CR),186,76,37(1),3374,-,1,-,-,0.3,64.9,2.3,-,1.8,2.1,0.4,0.3,4.5,0.8,0.7,-,0.2,0.3,0.3,-,0.3,0.6,25.2,0.1,2.4,-
Joe Bennett,Cardiff,eng,29,"D(L),M(L)",183,74,30,2641,-,1,5,-,0.3,71.8,1.2,-,1.7,2,0.7,0.1,2.8,0.5,0.3,-,0.5,0.8,1.2,-,0.4,0.3,23.1,0.4,1.4,-
Josh Murphy,Cardiff,eng,24,"AM(LR),FW",173,67,22(7),1826,3,2,2,-,1.6,60.4,0.4,1,0.9,0.4,0.5,-,0.3,0.7,-,-,0.6,1.3,1.9,0.3,1.3,1.5,10.6,0.5,0.4,0.1
Joe Ralls,Cardiff,eng,25,"DMC,M(L)",183,70,22(6),1960,-,-,4,1,0.8,69.2,1.2,-,1.6,1,1,-,1,0.8,0.2,-,1.2,0.2,0.4,-,0.5,0.7,27.8,0.9,2.9,-
Kadeem Harris,Cardiff,eng,26,AM(LR),175,67,3(10),366,1,-,1,-,0.4,70.5,0.2,-,0.9,0.2,0.3,-,0.3,0.1,-,-,0.5,0.5,0.4,0.1,0.5,1,6.8,0.3,-,-
Neil Etheridge,Cardiff,ph,29,GK,188,90,38,3420,-,-,2,-,-,32.3,0.2,3,-,0.2,-,-,0.8,-,-,-,0.1,-,0.1,-,-,-,30.1,-,9.1,-
Callum Paterson,Cardiff,sct,24,"D(R),M(CR),FW",183,76,21(6),1996,4,1,4,-,1.5,48.4,7.5,1,0.8,0.3,1.5,-,1,0.8,0.1,-,0.9,0.2,1.1,0.4,0.4,1.1,20.4,0.2,0.5,-
Harry Arter,Cardiff,ie,29,M(C),176,70,24(1),2009,-,1,10,-,0.9,80.7,0.2,-,2.5,0.8,1,-,0.8,1.2,0.2,-,0.4,0.1,0.6,0.1,0.1,0.8,26.3,0.2,1.7,-
Danny Ward,Cardiff,eng,27,"AM(CL),FW",178,72,4(10),440,1,-,-,-,0.8,54.3,2.2,-,0.1,-,0.1,-,0.6,0.2,0.1,-,0.5,-,0.4,0.2,0.4,0.9,6.6,-,0.1,-
Rhys Healey,Cardiff,wls,24,Forward,180,72,0(3),49,-,-,-,-,0.3,28.6,0.3,-,0.3,-,0.3,-,-,0.3,-,-,0.3,0.3,0.3,-,0.7,1,2.3,-,-,-
Loïc Damour,Cardiff,fr,28,AM(C),180,74,0(2),21,-,-,-,-,0.5,72.7,0.5,-,-,-,0.5,-,-,0.5,-,-,-,-,-,-,-,0.5,5.5,-,1,-
Kenneth Zohore,Cardiff,dk,25,FW,189,92,7(12),747,1,1,1,-,0.9,62.5,2.2,-,0.2,0.1,0.7,-,0.3,0.1,0.1,-,0.6,0.3,1.1,0.2,0.7,1.2,7.2,0.1,0.1,0.1
Gary Madine,Cardiff,eng,28,FW,193,80,0(5),32,-,-,-,-,-,83.3,0.6,-,0.2,-,0.4,-,-,-,-,-,-,-,0.2,-,0.4,0.2,2.4,-,-,-
Jazz Richards,Cardiff,wls,28,"D(LR),M(R)",185,78,0(4),129,-,-,-,-,-,69.2,-,-,-,0.5,-,0.3,1.3,0.3,0.3,-,-,-,-,-,-,0.5,6.5,-,-,-
Greg Cunningham,Cardiff,ie,28,"D(CL),M(L)",183,77,7,630,-,-,3,-,0.3,73.7,0.6,-,2.6,2.4,1.1,0.1,1.9,1,0.4,-,0.7,-,1.9,-,0.1,0.9,25.6,0.3,2.3,-
Víctor Camarasa,Cardiff,es,25,M(CR),183,76,31(1),2579,5,4,6,-,1.3,75.1,0.6,-,0.9,1,0.7,-,0.8,0.8,0.1,-,1.6,1.1,0.9,-,1.5,1.9,27.7,1.3,1.4,-
Sergio Rico,Fulham,es,25,GK,194,90,29,2610,-,-,1,-,-,53.8,0.5,2,-,-,-,-,1.2,-,-,-,0.1,-,0.2,-,-,-,27.4,-,9.2,-
Timothy Fosu-Mensah,Fulham,nl,21,D(CR),190,78,10(2),795,-,-,3,-,0.3,81.5,0.6,-,1.5,1,0.6,0.2,2.1,0.4,0.4,1,0.5,0.7,0.1,-,0.3,0.4,33.8,0.3,1.6,0.1
Alfie Mawson,Fulham,eng,25,D(C),188,81,13(2),1132,-,-,2,-,0.1,82.4,2.1,-,0.7,1.3,0.4,0.6,4.3,0.3,1.1,-,0.1,-,0.3,-,-,0.5,31.8,-,3,-
Maxime Le Marchand,Fulham,fr,29,D(CL),185,77,25(1),2252,-,1,5,-,0.2,83.3,2.2,-,2.2,2.1,1.1,0.6,4.7,0.9,0.6,-,0.3,0.4,0.3,0.1,0.2,0.4,53.3,0.2,3.5,-
Lazar Markovic,Fulham,rs,25,AM(CLR),175,65,0(1),45,-,-,-,-,-,96.6,-,-,-,-,1,-,2,-,-,-,1,1,-,-,2,2,29,-,1,-
Fabri,Fulham,es,31,GK,185,67,2,180,-,-,-,-,-,68.1,-,-,0.5,-,-,-,1.5,-,-,-,-,-,0.5,-,-,-,23.5,-,8,-
Calum Chambers,Fulham,eng,24,"D(CR),DMC",182,66,29(2),2587,2,-,9,-,1.1,79,2.1,-,2.1,2.2,1.1,0.3,3.5,1,0.4,-,0.5,0.7,0.1,-,0.8,1,47.9,-,2.9,-
Jean Michael Seri,Fulham,ci,27,M(C),168,65,27(5),2252,1,2,6,-,0.6,87,0.4,-,1.3,1,1,-,0.4,1,0.3,-,1.8,0.5,0.7,-,0.8,1,49.8,1.2,3.1,-
Kevin McDonald,Fulham,sct,30,M(C),192,95,10(5),843,-,-,4,1,0.3,85.2,1.3,-,0.9,0.6,0.8,0.1,1.3,0.5,0.1,-,0.3,-,0.4,-,0.3,0.2,38.3,-,2.2,-
Ryan Sessegnon,Fulham,eng,19,"D(L),M(LR)",178,70,26(9),2298,2,6,-,-,0.8,73.4,0.5,-,0.6,0.5,0.6,0.2,1.1,0.5,0.1,-,0.9,0.9,0.6,0.4,1.5,1.9,19.6,0.4,0.4,0.1
Aboubakar Kamara,Fulham,fr,24,"AM(R),FW",177,76,5(8),690,3,-,2,-,1.6,73.3,0.9,-,0.6,0.1,1.8,-,0.4,0.3,-,-,0.8,0.9,0.3,0.5,1,1.8,17.3,0.1,0.5,-
Ryan Babel,Fulham,nl,32,"M(LR),FW",185,85,15(1),1260,5,3,3,-,1.7,82.9,0.9,1,0.5,0.4,0.9,-,0.6,0.4,-,-,1.4,1.7,1,0.6,1.8,2.3,29.3,0.7,0.7,-
André-Frank Zambo Anguissa,Fulham,cm,23,DMC,184,78,16(6),1519,-,-,1,1,1,87.4,1,-,2.2,1.5,1,0.1,1.3,1.5,0.3,-,0.3,1.9,0.8,0.1,1.8,1.7,47.4,-,1.6,-
Luciano Vietto,Fulham,ar,25,"AM(R),FW",174,69,10(10),987,1,4,1,-,1.2,78.8,0.3,-,0.8,0.3,0.7,-,0.3,0.8,-,-,1.1,0.8,1,-,1.3,1.3,19.3,0.4,0.2,0.1
Marcus Bettinelli,Fulham,eng,27,GK,194,82,7,630,-,-,1,-,-,60.7,0.3,-,-,-,-,-,1.9,-,-,-,-,-,0.1,-,-,0.1,30.1,-,9.4,-
Cyrus Christie,Fulham,ie,26,"D(R),M(R)",188,78,19(9),1945,-,1,7,-,0.4,76.4,2,-,1.5,1,1,0.2,2.9,0.8,0.4,-,0.6,1,0.5,0.1,1,1,31.6,0.6,0.8,-
André Schürrle,Fulham,de,28,"M(CLR),FW",184,73,21(3),1650,6,-,2,-,2.3,77.8,0.6,1,1.3,0.3,0.7,-,0.7,1.3,-,-,0.9,0.8,0.8,0.5,1.4,2.1,21.8,0.4,0.7,-
Joe Bryan,Fulham,eng,25,"D(L),M(CL)",170,72,27(1),2347,-,1,5,-,0.8,75.4,1.1,-,2.2,1.1,0.9,0.1,2.5,0.6,0.4,-,0.9,0.5,1,0.1,0.6,0.8,33.9,0.8,1.7,-
Neeskens Kebano,Fulham,cd,27,AM(LR),170,65,0(7),104,-,-,-,-,0.1,82.8,0.6,-,0.4,-,-,-,0.4,-,-,-,-,0.6,0.1,-,0.4,0.9,4.1,0.1,-,-
Floyd Ayité,Fulham,tg,30,"M(CLR),FW",175,73,3(13),468,1,-,-,-,0.4,79.2,0.4,-,0.3,0.4,0.4,-,0.2,0.3,0.1,-,0.6,0.6,0.4,0.3,0.8,1.3,12,0.1,0.4,-
Stefan Johansen,Fulham,no,28,M(C),182,78,4(8),412,-,-,4,-,0.1,79.7,0.3,-,0.9,0.2,0.5,-,0.4,0.3,-,-,0.1,0.2,0.2,-,0.2,0.6,20.9,0.1,1,-
Aleksandar Mitrovic,Fulham,rs,24,FW,187,90,37,3282,11,3,7,-,3.5,72,6.5,4,0.5,0.2,1.6,-,1.4,0.3,0.2,-,0.8,0.6,1.6,0.9,2.6,3,27.7,-,0.4,0.1
Denis Odoi,Fulham,be,31,D(CLR),177,72,29(2),2594,-,1,4,-,0.3,82.1,1.8,-,1.5,1.3,1.2,0.3,4.6,0.4,0.8,1,0.4,0.5,1,-,0.4,0.6,43,0.1,2.2,-
Håvard Nordtveit,Fulham,no,29,"D(CR),DMC",188,85,4(1),361,-,1,-,-,-,83.1,0.8,-,1.8,1.6,1,0.4,2.8,0.2,0.6,-,0.6,0.2,0.4,-,-,0.4,45,-,4.2,-
Tom Cairney,Fulham,sct,28,M(CR),185,83,24(7),2200,1,1,-,-,0.8,90.2,0.3,-,1.2,0.3,0.3,-,0.4,0.1,0.2,-,1.3,1.4,1.3,-,1.6,1.1,44.3,0.2,1.9,0.1
Ibrahima Cissé,Fulham,gn,25,DMC,184,82,1(2),87,-,-,-,-,-,85.3,0.3,-,-,1,0.3,-,1.3,0.3,-,-,-,0.3,-,-,-,0.3,11.3,-,-,-
Harvey Elliott,Fulham,eng,16,Midfielder,0,0,0(2),18,-,-,-,-,0.5,90.9,-,-,-,-,-,-,-,-,-,-,-,-,-,-,-,1,5.5,-,-,-
Tim Ream,Fulham,us,31,"D(CL),DMC",186,79,25(1),2051,-,-,1,-,-,87.9,1.8,-,0.9,1,0.5,0.6,3,0.5,0.4,-,0.1,0.2,0.3,-,0.2,0.2,40.5,-,1.4,-
Adama Diakhaby,Huddersfield,fr,23,"AM(LR),FW",188,74,6(6),553,-,-,1,-,0.6,76.2,0.5,-,0.5,0.1,0.6,-,0.1,0.7,-,-,0.4,1,0.8,0.2,1.8,1.4,12.3,0.2,0.1,-
Isaac Mbenza,Huddersfield,be,23,"AM(LR),FW",187,77,10(12),984,1,1,1,-,0.7,75.4,0.1,-,0.5,0.2,0.4,-,0.2,0.1,-,-,0.3,0.2,0.2,0.2,0.5,0.8,10.5,0.3,0.4,-
Chris Löwe,Huddersfield,de,30,"D(L),M(L)",175,68,23(6),2057,-,2,2,-,0.6,75.1,0.9,-,1.2,0.8,0.5,0.1,1.8,0.7,0.1,-,0.7,0.3,0.4,0.1,0.4,0.6,29,1.1,2.1,-
Terence Kongolo,Huddersfield,nl,25,D(CL),188,70,32,2722,1,1,4,-,0.4,78,1.7,-,2.3,2,0.6,0.4,3,0.6,0.5,1,0.3,0.3,0.8,0.1,0.1,0.5,35.9,0.1,2.2,-
Florent Hadergjonaj,Huddersfield,ch,24,"D(R),M(R)",182,73,19(5),1841,-,-,1,-,0.3,75.2,1,-,1.3,0.9,0.5,0.3,1.1,1,0.3,-,1,0.4,0.8,0.1,0.1,0.9,30.2,0.9,1.4,-
Matty Daly,Huddersfield,,18,Midfielder,0,0,0(2),73,-,-,-,-,-,58.3,-,-,-,-,-,-,-,-,-,-,-,-,-,-,-,0.5,6,-,-,-
Jonathan Hogg,Huddersfield,eng,30,DMC,170,67,29,2377,-,1,8,1,0.3,83.2,1.1,-,2.7,2.5,2,-,0.6,1.4,0.2,-,0.6,0.3,1.2,-,0.7,1.1,53.3,0.1,2.4,-
Elias Kachunga,Huddersfield,cd,27,"AM(CLR),FW",178,74,13(7),1182,-,-,2,-,0.7,71.3,1.2,-,1.1,0.2,1.2,-,0.5,0.8,0.1,-,0.3,0.5,1.1,0.5,1,1.1,14.8,0.3,0.2,-
Erik Durm,Huddersfield,de,27,"D(LR),M(LR)",183,72,21(7),2054,-,1,-,-,0.4,69,0.8,-,1.3,1.5,0.5,0.3,1.3,0.7,0.2,-,0.4,0.4,0.8,-,0.5,1.2,27.7,0.4,1.3,-
Karlan Grant,Huddersfield,eng,21,FW,180,70,9(4),874,4,-,-,-,1.6,69.8,0.8,1,0.4,0.2,0.6,-,0.1,0.2,-,-,0.6,0.9,0.6,0.3,1.8,2.2,16.3,-,0.3,-
Jason Puncheon,Huddersfield,eng,33,M(CLR),173,70,5(1),383,-,-,1,-,1,79.5,1,-,1.2,0.7,1.5,-,1.3,1,0.2,-,0.8,0.8,0.3,0.2,2,2,33.3,0.3,2,0.2
Juninho Bacuna,Huddersfield,nl,21,M(C),178,74,16(5),1416,1,-,4,-,0.9,75.4,0.8,-,2.2,1.1,1.6,0.1,0.5,1.5,-,-,0.9,1.2,1,-,0.8,1.9,34,0.4,2.8,-
Alex Pritchard,Huddersfield,eng,26,AM(CLR),171,62,26(4),2092,2,-,2,-,1.6,74.9,0.5,-,1.2,0.6,0.4,-,0.2,0.8,0.1,-,1.1,1,1.7,0.2,1.7,2.3,29.9,0.6,1,-
Aaron Mooy,Huddersfield,au,28,M(C),174,68,25(4),2327,3,1,4,-,1.5,80.2,0.5,1,2.1,0.5,0.9,-,0.7,1.1,0.2,-,1.5,0.8,0.4,-,1.6,1.2,44.1,1.4,2.1,-
Abdelhamid Sabiri,Huddersfield,ma,22,AM(L),183,80,1(1),50,-,-,-,-,-,87.5,-,-,1,0.5,-,-,-,-,-,-,-,-,0.5,-,-,0.5,4,-,-,-
Rajiv van La Parra,Huddersfield,nl,28,"AM(LR),FW",181,72,5,407,-,-,-,-,1,85.7,0.2,-,1.6,0.8,0.8,-,0.2,1,-,-,0.8,1.4,2.8,-,4.2,2.2,21,-,1.2,0.2
Steve Mounie,Huddersfield,bj,24,FW,190,83,19(12),1778,2,3,1,1,2,64.5,6.8,2,0.3,0.2,1,-,0.5,0.3,-,-,0.6,0.4,0.5,0.5,1.2,2,18,-,0.1,-
Ben Hamer,Huddersfield,eng,31,GK,192,91,7,553,-,-,-,-,-,44.5,0.4,-,-,0.1,-,-,0.6,0.4,-,-,-,-,-,-,-,0.1,27.3,-,8.7,-
Joel Coleman,Huddersfield,eng,23,GK,198,82,1,90,-,-,-,-,-,37.8,-,-,-,-,-,-,1,-,-,-,-,-,-,-,-,-,37,-,7,-
Danny Williams,Huddersfield,us,30,M(C),182,79,1(4),95,-,-,1,-,0.2,79.2,-,-,-,0.2,0.4,-,0.4,-,0.2,-,0.2,0.2,0.2,-,0.8,0.2,4.8,-,-,-
Ramadan Sobhi,Huddersfield,eg,22,AM(CL),183,75,0(4),76,-,-,-,-,-,86,0.8,-,0.3,0.3,-,-,-,-,-,-,0.8,0.5,0.3,-,1.3,1,10.8,0.3,-,-
Demeaco Duhaney,Huddersfield,eng,20,Defender,180,70,1,46,-,-,-,-,-,78.9,-,-,1,1,-,-,1,2,-,-,-,-,2,-,-,2,19,-,1,-
Collin Quaner,Huddersfield,de,28,"AM(R),FW",191,81,0(2),37,-,-,-,-,-,76.5,-,-,-,-,1,-,-,0.5,-,-,0.5,0.5,-,0.5,1,1,8.5,-,-,-
Zanka,Huddersfield,dk,29,D(C),191,79,24,2148,3,1,6,-,0.3,82.1,1.5,1,2,2.9,1.4,0.5,3.4,0.8,0.6,-,0.3,0.1,0.6,-,0.3,0.3,48.9,-,2.9,-
Laurent Depoitre,Huddersfield,be,30,FW,191,91,10(13),1062,-,1,1,-,1.3,59.9,3.5,-,0.3,0.1,0.8,-,0.3,0.1,-,-,0.4,0.2,0.4,0.3,1.3,1.8,11.9,-,0.1,-
Jonas Lössl,Huddersfield,dk,30,GK,195,89,30(1),2777,-,1,1,-,-,61.2,0.5,1,-,0.1,-,-,1,-,-,-,0.1,-,0.1,-,-,-,32.5,-,10.5,-
Aaron Rowe,Huddersfield,eng,18,Midfielder,0,0,1(1),69,-,-,-,-,-,65,-,-,0.5,0.5,1,-,0.5,-,-,-,-,0.5,-,-,2,0.5,10,-,-,-
Philip Billing,Huddersfield,dk,23,DMC,193,83,25(2),2192,2,-,7,-,1.6,78.6,3.3,3,2.7,2,1.4,0.2,1.5,0.9,0.6,-,0.8,0.7,1.1,0.1,1,2,39.8,0.3,2.9,-
Christopher Schindler,Huddersfield,de,29,D(C),189,82,37,3262,1,-,4,1,0.4,82.8,3.7,1,1.6,1.9,0.7,0.6,3.6,0.5,0.9,-,0.1,-,0.5,-,0.1,0.2,41.9,-,4,-
Jon Gorenc Stankovic,Huddersfield,si,23,"D(C),DMC",190,78,9(2),720,1,-,2,-,0.8,75.5,2,-,2.4,0.8,0.8,0.1,1.7,1.1,0.8,-,0.2,0.1,1.1,-,0.1,0.6,26.7,-,1.5,-
Tommy Smith,Huddersfield,eng,27,D(CR),186,75,13(2),1142,-,-,2,1,0.2,74.8,0.9,-,1.7,1.2,0.7,0.1,1.7,1,0.3,-,0.5,0.2,0.4,-,0.2,0.3,32.5,0.3,2.1,-
